"Block_Name","Block_Nr","exp_subject_id","rec_session_id","session_nr","Task_Name","Task_Nr","times","Trial_Id","Trial_Nr","variable_name","values"
"E1",1,241619,261399,1,"Location_check_2",2,"1624289719757",1,1,"videoended",
"E1",1,241619,261399,1,"Location_check_2",2,"1624290215897",1,1,"videoended",endofvideo
"E1",1,241619,261399,1,"Location_check_2",2,"1624289719756",1,1,"Gaze_XYT",
"E1",1,241619,261399,1,"Location_check_2",2,"1624290210407",1,1,"Gaze_XYT",
"E1",1,241619,261399,1,"Location_check_2",2,"1624290211150",1,1,"Gaze_XYT",101.5101125091314,443.1527656316757,1624290210127,1
"E1",1,241619,261399,1,"Location_check_2",2,"1624290211517",1,1,"Gaze_XYT",0.926775168627465,297.76819109916687,1624290210666,0.2470647462202974
"E1",1,241619,261399,1,"Location_check_2",2,"1624290211806",1,1,"Gaze_XYT",658.1503388291458,387.7342692017555,1624290211155,1
"E1",1,241619,261399,1,"Location_check_2",2,"1624290212339",1,1,"Gaze_XYT",578.8624122925103,273.93310546875,1624290211541,1
"E1",1,241619,261399,1,"Location_check_2",2,"1624290212734",1,1,"Gaze_XYT",504.95634211692953,274.1631692647934,1624290211824,1
"E1",1,241619,261399,1,"Location_check_2",2,"1624290213218",1,1,"Gaze_XYT",433.6966364178806,241.725515127182,1624290212343,0.10972844498946556
"E1",1,241619,261399,1,"Location_check_2",2,"1624290213447",1,1,"Gaze_XYT",-42.82409220933918,338.0425076186657,1624290212751,1
"E1",1,241619,261399,1,"Location_check_2",2,"1624290213751",1,1,"Gaze_XYT",25.192348584532702,435.90861797332764,1624290213219,1
"E1",1,241619,261399,1,"Location_check_2",2,"1624290213995",1,1,"Gaze_XYT",17.86993490532037,320.89895009994507,1624290213450,1
"E1",1,241619,261399,1,"Location_check_2",2,"1624290214353",1,1,"Gaze_XYT",222.72310113534328,300.78753769397736,1624290213759,1
"E1",1,241619,261399,1,"Location_check_2",2,"1624290214612",1,1,"Gaze_XYT",101.09445096924898,220.49026250839233,1624290214005,1
"E1",1,241619,261399,1,"Location_check_2",2,"1624290214906",1,1,"Gaze_XYT",1233.9407246001063,426.0283899307251,1624290214360,1
"E1",1,241619,261399,1,"Location_check_2",2,"1624290215271",1,1,"Gaze_XYT",1099.4632820039985,225.79651951789856,1624290214622,1
"E1",1,241619,261399,1,"Location_check_2",2,"1624290215584",1,1,"Gaze_XYT",274.2936799488961,104.20920610427856,1624290214907,1
"E1",1,241619,261399,1,"Location_check_2",2,"1624290215902",1,1,"Gaze_XYT",-445.23407809436327,201.46511793136597,1624290215274,1
"E1",1,241619,261399,1,"Location_check_2",2,"1624290216288",1,1,"Gaze_XYT",467.2862565238028,158.47604513168335,1624290215586,1
"E1",1,241619,261399,1,"Location_check_2",2,"1624290216547",1,1,"Gaze_XYT",793.4336277749389,244.55763816833496,1624290215918,1
"E1",1,241619,261399,1,"Location_check_2",2,"1624290216756",1,1,"Gaze_XYT",116.02212358266112,43.423011302948,1624290216293,1
"E1",1,241619,261399,1,"Location_check_2",2,"1624290216995",1,1,"Gaze_XYT",-273.16195558756596,43.688271045684814,1624290216563,1
"E1",1,241619,261399,1,"Location_check_2",2,"1624290217005",1,1,"Gaze_XYT",382.61787859722966,77.7591061592102,1624290216756,1
"E1",1,241619,261399,1,"Location_check_2",2,"1624290217449",1,1,"Gaze_XYT",387.8659919649362,363.43730717897415,1624290217009,1
"E1",1,241619,261399,1,"Location_check_2",2,"1624289719755",1,1,"Filename",
"E1",1,241619,261399,1,"Location_check_2",2,"1624290210870",1,1,"Filename",Location_Pref_Right.mp4
"E1",1,241619,261399,1,"Location_check_2",2,"1624290225282",2,2,"videoended",endofvideo
"E1",1,241619,261399,1,"Location_check_2",2,"1624290217681",2,2,"Gaze_XYT",
"E1",1,241619,261399,1,"Location_check_2",2,"1624290221191",2,2,"Gaze_XYT",275.47257713973517,380.25228202342987,1624290220836,1
"E1",1,241619,261399,1,"Location_check_2",2,"1624290221735",2,2,"Gaze_XYT",240.02360537648198,369.58654560148716,1624290221203,1
"E1",1,241619,261399,1,"Location_check_2",2,"1624290222082",2,2,"Gaze_XYT",272.6608411222696,402.4989151954651,1624290221736,1
"E1",1,241619,261399,1,"Location_check_2",2,"1624290222399",2,2,"Gaze_XYT",-430.96907477825886,312.9764127731323,1624290222086,1
"E1",1,241619,261399,1,"Location_check_2",2,"1624290222711",2,2,"Gaze_XYT",11.234578341245616,363.46718195825815,1624290222406,1
"E1",1,241619,261399,1,"Location_check_2",2,"1624290222990",2,2,"Gaze_XYT",73.21761040017006,323.5620215535164,1624290222711,1
"E1",1,241619,261399,1,"Location_check_2",2,"1624290223316",2,2,"Gaze_XYT",398.57060287147755,315.91743886470795,1624290222992,1
"E1",1,241619,261399,1,"Location_check_2",2,"1624290223707",2,2,"Gaze_XYT",-202.04295691102746,117.15650796890259,1624290223329,1
"E1",1,241619,261399,1,"Location_check_2",2,"1624290224005",2,2,"Gaze_XYT",-323.3035380393267,87.28369474411011,1624290223714,1
"E1",1,241619,261399,1,"Location_check_2",2,"1624290224349",2,2,"Gaze_XYT",-200.01262336969378,533.6077916622162,1624290224017,1
"E1",1,241619,261399,1,"Location_check_2",2,"1624290224646",2,2,"Gaze_XYT",-15.528819039464032,241.65821313858032,1624290224355,1
"E1",1,241619,261399,1,"Location_check_2",2,"1624290224995",2,2,"Gaze_XYT",153.96384328603742,274.9381023645401,1624290224658,1
"E1",1,241619,261399,1,"Location_check_2",2,"1624290225429",2,2,"Gaze_XYT",722.0499315857887,405.1299315690994,1624290225006,1
"E1",1,241619,261399,1,"Location_check_2",2,"1624290225695",2,2,"Gaze_XYT",657.2758933930891,382.0597945153713,1624290225429,1
"E1",1,241619,261399,1,"Location_check_2",2,"1624290225933",2,2,"Gaze_XYT",928.6009517405182,448.98465514183044,1624290225706,1
"E1",1,241619,261399,1,"Location_check_2",2,"1624290226182",2,2,"Gaze_XYT",-34.14531130343679,439.49309527873993,1624290225939,1
"E1",1,241619,261399,1,"Location_check_2",2,"1624290226411",2,2,"Gaze_XYT",-165.93387294560674,551.6210675239563,1624290226190,1
"E1",1,241619,261399,1,"Location_check_2",2,"1624290226649",2,2,"Gaze_XYT",362.21403407864267,72.64544248580933,1624290226422,1
"E1",1,241619,261399,1,"Location_check_2",2,"1624290221029",2,2,"Filename",Location_Pref_Left.mp4
"E1",1,241619,261399,1,"Location_check_2",2,"1624290231497",3,3,"videoended",endofvideo
"E1",1,241619,261399,1,"Location_check_2",2,"1624290226854",3,3,"Gaze_XYT",
"E1",1,241619,261399,1,"Location_check_2",2,"1624290227378",3,3,"Gaze_XYT",40.59441959485408,372.89219722151756,1624290226657,1
"E1",1,241619,261399,1,"Location_check_2",2,"1624290227687",3,3,"Gaze_XYT",995.2473811060189,188.07980060577393,1624290227073,1
"E1",1,241619,261399,1,"Location_check_2",2,"1624290228021",3,3,"Gaze_XYT",592.2170086367987,224.48321342468262,1624290227378,1
"E1",1,241619,261399,1,"Location_check_2",2,"1624290228325",3,3,"Gaze_XYT",501.4936918066814,213.4263002872467,1624290227700,1
"E1",1,241619,261399,1,"Location_check_2",2,"1624290228679",3,3,"Gaze_XYT",480.40340082254255,207.51707196235657,1624290228031,1
"E1",1,241619,261399,1,"Location_check_2",2,"1624290229062",3,3,"Gaze_XYT",1209.4871092773972,562.1923398971558,1624290228326,1
"E1",1,241619,261399,1,"Location_check_2",2,"1624290229399",3,3,"Gaze_XYT",1316.055117882788,655.9542560577393,1624290228681,1
"E1",1,241619,261399,1,"Location_check_2",2,"1624290229668",3,3,"Gaze_XYT",1094.6516304276881,466.33601546287537,1624290229068,1
"E1",1,241619,261399,1,"Location_check_2",2,"1624290230040",3,3,"Gaze_XYT",399.60527226328844,299.3748664855957,1624290229399,1
"E1",1,241619,261399,1,"Location_check_2",2,"1624290230405",3,3,"Gaze_XYT",-36.523409783840215,420.0729578733444,1624290229672,0.8182438246960899
"E1",1,241619,261399,1,"Location_check_2",2,"1624290230713",3,3,"Gaze_XYT",-140.82121405750516,381.5759950876236,1624290230041,1
"E1",1,241619,261399,1,"Location_check_2",2,"1624290230934",3,3,"Gaze_XYT",1088.3447651751337,406.26727402210236,1624290230405,1
"E1",1,241619,261399,1,"Location_check_2",2,"1624290231257",3,3,"Gaze_XYT",-17.568312324583566,207.53742456436157,1624290230713,1
"E1",1,241619,261399,1,"Location_check_2",2,"1624290231546",3,3,"Gaze_XYT",410.60629629530007,106.91523313522339,1624290230966,1
"E1",1,241619,261399,1,"Location_check_2",2,"1624290231809",3,3,"Gaze_XYT",-192.2339399531484,40.11981725692749,1624290231257,1
"E1",1,241619,261399,1,"Location_check_2",2,"1624290232044",3,3,"Gaze_XYT",-416.24867953360086,308.718701004982,1624290231605,1
"E1",1,241619,261399,1,"Location_check_2",2,"1624290232235",3,3,"Gaze_XYT",-90.20607285201554,512.903745174408,1624290231828,1
"E1",1,241619,261399,1,"Location_check_2",2,"1624290232459",3,3,"Gaze_XYT",-161.32094964385035,544.1281771659851,1624290232049,1
"E1",1,241619,261399,1,"Location_check_2",2,"1624290232645",3,3,"Gaze_XYT",-163.92956834286454,544.2047810554504,1624290232236,1
"E1",1,241619,261399,1,"Location_check_2",2,"1624290232881",3,3,"Gaze_XYT",806.3544959388673,277.7383232116699,1624290232465,1
"E1",1,241619,261399,1,"Location_check_2",2,"1624290233068",3,3,"Gaze_XYT",1063.911110460758,348.2355000078678,1624290232648,0.9436152817989325
"E1",1,241619,261399,1,"Location_check_2",2,"1624290233282",3,3,"Gaze_XYT",782.9697273019701,207.4235486984253,1624290232881,0.8320927966166498
"E1",1,241619,261399,1,"Location_check_2",2,"1624290233493",3,3,"Gaze_XYT",601.6937415767461,129.50842380523682,1624290233081,1
"E1",1,241619,261399,1,"Location_check_2",2,"1624290233700",3,3,"Gaze_XYT",32.49957235530015,90.52843809127808,1624290233282,1
"E1",1,241619,261399,1,"Location_check_2",2,"1624290227263",3,3,"Filename",Location_Fam_ObjectRight.mp4
"E1",1,241619,261399,1,"Location_check_2",2,"1624290242437",4,4,"videoended",endofvideo
"E1",1,241619,261399,1,"Location_check_2",2,"1624290233902",4,4,"Gaze_XYT",
"E1",1,241619,261399,1,"Location_check_2",2,"1624290238503",4,4,"Gaze_XYT",-201.17194160819056,394.9215915799141,1624290238142,0.14946285233697176
"E1",1,241619,261399,1,"Location_check_2",2,"1624290238834",4,4,"Gaze_XYT",439.6376844029873,229.57484006881714,1624290238505,0
"E1",1,241619,261399,1,"Location_check_2",2,"1624290239208",4,4,"Gaze_XYT",218.6115211434662,355.7207765802741,1624290238835,0
"E1",1,241619,261399,1,"Location_check_2",2,"1624290239664",4,4,"Gaze_XYT",282.6815244928002,432.2277420759201,1624290239225,0.06495347140662378
"E1",1,241619,261399,1,"Location_check_2",2,"1624290240049",4,4,"Gaze_XYT",804.8090944997966,340.224522203207,1624290239688,0.3465875964279039
"E1",1,241619,261399,1,"Location_check_2",2,"1624290240437",4,4,"Gaze_XYT",148.31869319081304,439.48126673698425,1624290240059,0.569019900551761
"E1",1,241619,261399,1,"Location_check_2",2,"1624290240768",4,4,"Gaze_XYT",83.77547457814214,316.5516257286072,1624290240444,1
"E1",1,241619,261399,1,"Location_check_2",2,"1624290241101",4,4,"Gaze_XYT",-43.721441775560415,363.69718339294195,1624290240779,0.7373210900113816
"E1",1,241619,261399,1,"Location_check_2",2,"1624290241429",4,4,"Gaze_XYT",30.766090843826497,338.9255002140999,1624290241116,0.8856781653611518
"E1",1,241619,261399,1,"Location_check_2",2,"1624290241726",4,4,"Gaze_XYT",-95.78786805272107,280.88251054286957,1624290241438,0.6180641724907261
"E1",1,241619,261399,1,"Location_check_2",2,"1624290242056",4,4,"Gaze_XYT",453.63117764703924,491.310031414032,1624290241736,1
"E1",1,241619,261399,1,"Location_check_2",2,"1624290242422",4,4,"Gaze_XYT",87.77625983580944,312.41859912872314,1624290242072,1
"E1",1,241619,261399,1,"Location_check_2",2,"1624290242742",4,4,"Gaze_XYT",-368.4600062668324,320.9785795211792,1624290242438,0.55576225162189
"E1",1,241619,261399,1,"Location_check_2",2,"1624290242992",4,4,"Gaze_XYT",-390.2532503381372,396.4382869005203,1624290242757,0.8048658770283379
"E1",1,241619,261399,1,"Location_check_2",2,"1624290243244",4,4,"Gaze_XYT",-95.47315452247862,338.7546716630459,1624290243006,0.7683848913472224
"E1",1,241619,261399,1,"Location_check_2",2,"1624290243487",4,4,"Gaze_XYT",-0.26021312922242856,452.22331523895264,1624290243258,0.7719112485464947
"E1",1,241619,261399,1,"Location_check_2",2,"1624290238324",4,4,"Filename",Location_Fam_ObjectLeft.mp4
"E1",1,241619,261399,1,"Location_check_2",2,"1624290250933",5,5,"videoended",endofvideo
"E1",1,241619,261399,1,"Location_check_2",2,"1624290243695",5,5,"Gaze_XYT",
"E1",1,241619,261399,1,"Location_check_2",2,"1624290244161",5,5,"Gaze_XYT",-222.3092716932297,195.3767716884613,1624290243490,0.5819787933848493
"E1",1,241619,261399,1,"Location_check_2",2,"1624290244385",5,5,"Gaze_XYT",-111.40942942351107,241.93928718566895,1624290243925,0
"E1",1,241619,261399,1,"Location_check_2",2,"1624290244769",5,5,"Gaze_XYT",240.70322019979355,389.663448035717,1624290244162,0
"E1",1,241619,261399,1,"Location_check_2",2,"1624290245140",5,5,"Gaze_XYT",177.3068396747112,445.21261632442474,1624290244387,0
"E1",1,241619,261399,1,"Location_check_2",2,"1624290245259",5,5,"Gaze_XYT",115.41334411129353,402.94783115386963,1624290244769,0
"E1",1,241619,261399,1,"Location_check_2",2,"1624290250972",5,5,"Gaze_XYT",-20.142887309193647,369.3596099317074,1624290245147,0.09354002724526167
"E1",1,241619,261399,1,"Location_check_2",2,"1624290251137",5,5,"Gaze_XYT",-18.91097810119394,359.9281310790684,1624290245259,0.937795026786411
"E1",1,241619,261399,1,"Location_check_2",2,"1624290251570",5,5,"Gaze_XYT",237.91449803858993,601.8772745132446,1624290250972,0.014686417820832826
"E1",1,241619,261399,1,"Location_check_2",2,"1624290251574",5,5,"Gaze_XYT",258.18917108699674,605.7013964653015,1624290251323,0.8005356880888443
"E1",1,241619,261399,1,"Location_check_2",2,"1624290252115",5,5,"Gaze_XYT",61.800104267895186,385.85853338241577,1624290251581,0.07102134003287433
"E1",1,241619,261399,1,"Location_check_2",2,"1624290252308",5,5,"Gaze_XYT",914.8463178984821,173.63906621932983,1624290251647,0.9999995231628418
"E1",1,241619,261399,1,"Location_check_2",2,"1624290252538",5,5,"Gaze_XYT",-172.10082311183217,253.7219202518463,1624290252115,0.9424727891182156
"E1",1,241619,261399,1,"Location_check_2",2,"1624290252751",5,5,"Gaze_XYT",-150.29361043125394,297.22132086753845,1624290252318,1
"E1",1,241619,261399,1,"Location_check_2",2,"1624290252984",5,5,"Gaze_XYT",-3.341779932379758,502.6625990867615,1624290252551,0.9584218050868998
"E1",1,241619,261399,1,"Location_check_2",2,"1624290252989",5,5,"Gaze_XYT",-470.7453384995461,332.56523966789246,1624290252751,1
"E1",1,241619,261399,1,"Location_check_2",2,"1624290253419",5,5,"Gaze_XYT",-274.02449812740093,22.17493772506714,1624290252998,1
"E1",1,241619,261399,1,"Location_check_2",2,"1624290253423",5,5,"Gaze_XYT",614.4781868066639,282.82058894634247,1624290253186,1
"E1",1,241619,261399,1,"Location_check_2",2,"1624290253869",5,5,"Gaze_XYT",-257.2501830011607,434.99446749687195,1624290253431,1
"E1",1,241619,261399,1,"Location_check_2",2,"1624290253874",5,5,"Gaze_XYT",-388.6034278199077,355.4580133035779,1624290253629,1
"E1",1,241619,261399,1,"Location_check_2",2,"1624290254295",5,5,"Gaze_XYT",-16.319610252976453,429.1995173692703,1624290253881,0.7742272422174651
"E1",1,241619,261399,1,"Location_check_2",2,"1624290254480",5,5,"Gaze_XYT",-178.75346869230273,544.5610642433167,1624290254060,0.041818596544748406
"E1",1,241619,261399,1,"Location_check_2",2,"1624290254712",5,5,"Gaze_XYT",69.09461889415977,348.389158397913,1624290254297,0.16764523217898872
"E1",1,241619,261399,1,"Location_check_2",2,"1624290254898",5,5,"Gaze_XYT",383.2447676453739,253.84760856628418,1624290254480,0.0016968169439547517
"E1",1,241619,261399,1,"Location_check_2",2,"1624290255136",5,5,"Gaze_XYT",-16.000469513237512,473.52445363998413,1624290254715,0.0005585452382474
"E1",1,241619,261399,1,"Location_check_2",2,"1624290255342",5,5,"Gaze_XYT",370.1133398711681,383.4544774889946,1624290254899,0
"E1",1,241619,261399,1,"Location_check_2",2,"1624290255570",5,5,"Gaze_XYT",-142.00556892901662,260.67407727241516,1624290255151,0
"E1",1,241619,261399,1,"Location_check_2",2,"1624290255575",5,5,"Gaze_XYT",-7.505188807845151,421.9364494085312,1624290255342,0
"E1",1,241619,261399,1,"Location_check_2",2,"1624290255977",5,5,"Gaze_XYT",569.6765775489621,181.55537009239197,1624290255579,0
"E1",1,241619,261399,1,"Location_check_2",2,"1624290256046",5,5,"Gaze_XYT",884.3541987333447,320.2425143122673,1624290255762,0
"E1",1,241619,261399,1,"Location_check_2",2,"1624290256524",5,5,"Gaze_XYT",-136.14760745316747,367.0911169052124,1624290255979,0.9999876022338867
"E1",1,241619,261399,1,"Location_check_2",2,"1624290256716",5,5,"Gaze_XYT",-113.92812997102742,394.6365264058113,1624290256046,0.5407341407944748
"E1",1,241619,261399,1,"Location_check_2",2,"1624290256942",5,5,"Gaze_XYT",284.6198789402842,511.2581133842468,1624290256529,1
"E1",1,241619,261399,1,"Location_check_2",2,"1624290257137",5,5,"Gaze_XYT",202.76356143876907,495.48158526420593,1624290256716,0.7158967471414117
"E1",1,241619,261399,1,"Location_check_2",2,"1624290257479",5,5,"Gaze_XYT",8.086985051631892,418.71456384658813,1624290256946,1
"E1",1,241619,261399,1,"Location_check_2",2,"1624290257665",5,5,"Gaze_XYT",5.274791046977008,420.6955897808075,1624290257137,1
"E1",1,241619,261399,1,"Location_check_2",2,"1624290257908",5,5,"Gaze_XYT",-95.99296998232607,373.04301247000694,1624290257481,0
"E1",1,241619,261399,1,"Location_check_2",2,"1624290258110",5,5,"Gaze_XYT",-323.8393830507994,383.64244669675827,1624290257681,0
"E1",1,241619,261399,1,"Location_check_2",2,"1624290258340",5,5,"Gaze_XYT",-15.998408570885694,476.10109090805054,1624290257923,0
"E1",1,241619,261399,1,"Location_check_2",2,"1624290258347",5,5,"Gaze_XYT",-116.37423954904084,313.45210790634155,1624290258110,0
"E1",1,241619,261399,1,"Location_check_2",2,"1624290258782",5,5,"Gaze_XYT",42.005707118660176,435.3768002986908,1624290258347,0.021753756600641893
"E1",1,241619,261399,1,"Location_check_2",2,"1624290258963",5,5,"Gaze_XYT",-46.00511856377128,464.9621880054474,1624290258532,0.037743308020211544
"E1",1,241619,261399,1,"Location_check_2",2,"1624290259194",5,5,"Gaze_XYT",626.013054541545,572.6888108253479,1624290258782,0.011034343590343876
"E1",1,241619,261399,1,"Location_check_2",2,"1624290259380",5,5,"Gaze_XYT",630.7002367687528,569.6004295349121,1624290258963,0.8970460476565031
"E1",1,241619,261399,1,"Location_check_2",2,"1624290259614",5,5,"Gaze_XYT",174.49632495641706,138.87409687042236,1624290259197,0.934245854877096
"E1",1,241619,261399,1,"Location_check_2",2,"1624290259789",5,5,"Gaze_XYT",340.322189182043,204.98945474624634,1624290259381,1
"E1",1,241619,261399,1,"Location_check_2",2,"1624290260021",5,5,"Gaze_XYT",-53.82479183375839,330.92011749744415,1624290259615,1
"E1",1,241619,261399,1,"Location_check_2",2,"1624290260026",5,5,"Gaze_XYT",549.2216149810702,406.26680731773376,1624290259789,0.47559041232999033
"E1",1,241619,261399,1,"Location_check_2",2,"1624290260436",5,5,"Gaze_XYT",438.9249418396502,387.146677672863,1624290260029,0.25591572495749254
"E1",1,241619,261399,1,"Location_check_2",2,"1624290260625",5,5,"Gaze_XYT",483.16061728168273,438.9197516441345,1624290260218,0.3984072194577022
"E1",1,241619,261399,1,"Location_check_2",2,"1624290260854",5,5,"Gaze_XYT",-140.1101126149297,338.5566455125809,1624290260446,0
"E1",1,241619,261399,1,"Location_check_2",2,"1624290260861",5,5,"Gaze_XYT",40.588274933397734,435.86926996707916,1624290260627,0
"E1",1,241619,261399,1,"Location_check_2",2,"1624290261264",5,5,"Gaze_XYT",862.5807626079768,232.50285744667053,1624290260862,0
"E1",1,241619,261399,1,"Location_check_2",2,"1624290261274",5,5,"Gaze_XYT",928.9518653415143,237.9452097415924,1624290261040,0
"E1",1,241619,261399,1,"Location_check_2",2,"1624290261339",5,5,"Gaze_XYT",NaN,NaN,NaN,NaN
"E1",1,241619,261399,1,"Location_check_2",2,"1624290261860",5,5,"Gaze_XYT",178.96841719746587,540.8418703079224,1624290261339,0.2465997080886826
"E1",1,241619,261399,1,"Location_check_2",2,"1624290262042",5,5,"Gaze_XYT",250.1000868529081,253.72539639472961,1624290261403,1
"E1",1,241619,261399,1,"Location_check_2",2,"1624290262282",5,5,"Gaze_XYT",344.8587049543857,110.68058252334595,1624290261862,1
"E1",1,241619,261399,1,"Location_check_2",2,"1624290262288",5,5,"Gaze_XYT",449.73985132761294,150.31592845916748,1624290262042,1
"E1",1,241619,261399,1,"Location_check_2",2,"1624290262708",5,5,"Gaze_XYT",428.6277868691831,278.8437044620514,1624290262296,0.6400724731872875
"E1",1,241619,261399,1,"Location_check_2",2,"1624290262893",5,5,"Gaze_XYT",662.9658081580419,234.2172396183014,1624290262480,1
"E1",1,241619,261399,1,"Location_check_2",2,"1624290263117",5,5,"Gaze_XYT",804.9916596431285,578.6571550369263,1624290262713,0.8531374987054665
"E1",1,241619,261399,1,"Location_check_2",2,"1624290263122",5,5,"Gaze_XYT",713.2220758497715,246.96135878562927,1624290262894,0.7309887311854472
"E1",1,241619,261399,1,"Location_check_2",2,"1624290263535",5,5,"Gaze_XYT",-386.37157991528517,328.73525977134705,1624290263129,0.6088299256865507
"E1",1,241619,261399,1,"Location_check_2",2,"1624290263545",5,5,"Gaze_XYT",-351.1657230183483,31.33453130722046,1624290263314,0.9287535524231045
"E1",1,241619,261399,1,"Location_check_2",2,"1624290263961",5,5,"Gaze_XYT",1012.6002867147325,407.5429755449295,1624290263546,0.9004106262169524
"E1",1,241619,261399,1,"Location_check_2",2,"1624290264144",5,5,"Gaze_XYT",-126.57254561781888,317.3340582847595,1624290263738,0.9503750025866173
"E1",1,241619,261399,1,"Location_check_2",2,"1624290264363",5,5,"Gaze_XYT",333.02088107913727,143.53242874145508,1624290263962,1
"E1",1,241619,261399,1,"Location_check_2",2,"1624290264369",5,5,"Gaze_XYT",1105.4324198700485,468.1775236129761,1624290264144,1
"E1",1,241619,261399,1,"Location_check_2",2,"1624290264793",5,5,"Gaze_XYT",-15.194183066487348,353.0826325714588,1624290264381,1
"E1",1,241619,261399,1,"Location_check_2",2,"1624290264982",5,5,"Gaze_XYT",319.89805964753026,390.77971637248993,1624290264561,1
"E1",1,241619,261399,1,"Location_check_2",2,"1624290265205",5,5,"Gaze_XYT",274.79613006114954,502.914297580719,1624290264795,0
"E1",1,241619,261399,1,"Location_check_2",2,"1624290265389",5,5,"Gaze_XYT",-57.25053600966934,354.7992577403784,1624290264982,0
"E1",1,241619,261399,1,"Location_check_2",2,"1624290265684",5,5,"Gaze_XYT",85.58005860075352,229.4724440574646,1624290265213,0
"E1",1,241619,261399,1,"Location_check_2",2,"1624290265923",5,5,"Gaze_XYT",177.51446053385732,241.06052041053772,1624290265390,0
"E1",1,241619,261399,1,"Location_check_2",2,"1624290266142",5,5,"Gaze_XYT",506.5602609608322,235.33929347991943,1624290265685,0
"E1",1,241619,261399,1,"Location_check_2",2,"1624290266335",5,5,"Gaze_XYT",43.89436995610591,219.91441369056702,1624290265929,0
"E1",1,241619,261399,1,"Location_check_2",2,"1624290266570",5,5,"Gaze_XYT",310.9966588020324,432.531555891037,1624290266148,0
"E1",1,241619,261399,1,"Location_check_2",2,"1624290266575",5,5,"Gaze_XYT",402.8428791183978,423.82351756095886,1624290266336,0
"E1",1,241619,261399,1,"Location_check_2",2,"1624290266984",5,5,"Gaze_XYT",362.76991602964694,514.4534826278687,1624290266578,1
"E1",1,241619,261399,1,"Location_check_2",2,"1624290267173",5,5,"Gaze_XYT",-427.69935157150036,389.64990824460983,1624290266765,0.5709733880783001
"E1",1,241619,261399,1,"Location_check_2",2,"1624290267391",5,5,"Gaze_XYT",73.99928003549573,361.28393079154193,1624290266994,0.5901635146444324
"E1",1,241619,261399,1,"Location_check_2",2,"1624290267572",5,5,"Gaze_XYT",39.255646709352696,448.35860073566437,1624290267173,0.845628595195175
"E1",1,241619,261399,1,"Location_check_2",2,"1624290267803",5,5,"Gaze_XYT",1.5491797588765266,327.0940777659416,1624290267395,0
"E1",1,241619,261399,1,"Location_check_2",2,"1624290267806",5,5,"Gaze_XYT",-348.66793721914297,408.0350375175476,1624290267573,0
"E1",1,241619,261399,1,"Location_check_2",2,"1624290267871",5,5,"Gaze_XYT",NaN,NaN,NaN,NaN
"E1",1,241619,261399,1,"Location_check_2",2,"1624290267923",5,5,"Gaze_XYT",NaN,NaN,NaN,NaN
"E1",1,241619,261399,1,"Location_check_2",2,"1624290267982",5,5,"Gaze_XYT",NaN,NaN,NaN,NaN
"E1",1,241619,261399,1,"Location_check_2",2,"1624290268035",5,5,"Gaze_XYT",NaN,NaN,NaN,NaN
"E1",1,241619,261399,1,"Location_check_2",2,"1624290268553",5,5,"Gaze_XYT",271.02372774854297,497.64827370643616,1624290268036,0
"E1",1,241619,261399,1,"Location_check_2",2,"1624290268558",5,5,"Gaze_XYT",69.1919030062854,461.4242470264435,1624290268098,0
"E1",1,241619,261399,1,"Location_check_2",2,"1624290268621",5,5,"Gaze_XYT",NaN,NaN,NaN,NaN
"E1",1,241619,261399,1,"Location_check_2",2,"1624290268681",5,5,"Gaze_XYT",NaN,NaN,NaN,NaN
"E1",1,241619,261399,1,"Location_check_2",2,"1624290268743",5,5,"Gaze_XYT",NaN,NaN,NaN,NaN
"E1",1,241619,261399,1,"Location_check_2",2,"1624290268809",5,5,"Gaze_XYT",NaN,NaN,NaN,NaN
"E1",1,241619,261399,1,"Location_check_2",2,"1624290268867",5,5,"Gaze_XYT",NaN,NaN,NaN,NaN
"E1",1,241619,261399,1,"Location_check_2",2,"1624290269406",5,5,"Gaze_XYT",217.09604153409597,332.45445638895035,1624290268867,0.0001206677518169406
"E1",1,241619,261399,1,"Location_check_2",2,"1624290269475",5,5,"Gaze_XYT",NaN,NaN,NaN,NaN
"E1",1,241619,261399,1,"Location_check_2",2,"1624290269477",5,5,"Gaze_XYT",503.5903189936652,386.63312315940857,1624290268927,0
"E1",1,241619,261399,1,"Location_check_2",2,"1624290270053",5,5,"Gaze_XYT",-77.38846171647315,96.68694019317627,1624290269477,0
"E1",1,241619,261399,1,"Location_check_2",2,"1624290270058",5,5,"Gaze_XYT",55.48510974273082,268.5300636291504,1624290269545,0
"E1",1,241619,261399,1,"Location_check_2",2,"1624290270113",5,5,"Gaze_XYT",NaN,NaN,NaN,NaN
"E1",1,241619,261399,1,"Location_check_2",2,"1624290270171",5,5,"Gaze_XYT",NaN,NaN,NaN,NaN
"E1",1,241619,261399,1,"Location_check_2",2,"1624290270231",5,5,"Gaze_XYT",NaN,NaN,NaN,NaN
"E1",1,241619,261399,1,"Location_check_2",2,"1624290270293",5,5,"Gaze_XYT",NaN,NaN,NaN,NaN
"E1",1,241619,261399,1,"Location_check_2",2,"1624290270353",5,5,"Gaze_XYT",NaN,NaN,NaN,NaN
"E1",1,241619,261399,1,"Location_check_2",2,"1624290270869",5,5,"Gaze_XYT",-356.9284231588245,439.1907727718353,1624290270353,0
"E1",1,241619,261399,1,"Location_check_2",2,"1624290270942",5,5,"Gaze_XYT",-376.44745551049715,371.89389646053314,1624290270411,0.0002968768340868482
"E1",1,241619,261399,1,"Location_check_2",2,"1624290271380",5,5,"Gaze_XYT",-133.05184304714206,509.73894238471985,1624290270876,1
"E1",1,241619,261399,1,"Location_check_2",2,"1624290271385",5,5,"Gaze_XYT",815.2824218757451,488.7324070930481,1624290270943,1
"E1",1,241619,261399,1,"Location_check_2",2,"1624290271784",5,5,"Gaze_XYT",68.2873401418328,307.18783020973206,1624290271393,1
"E1",1,241619,261399,1,"Location_check_2",2,"1624290271794",5,5,"Gaze_XYT",341.5128604602068,94.56183671951294,1624290271565,0.9750799788907454
"E1",1,241619,261399,1,"Location_check_2",2,"1624290272219",5,5,"Gaze_XYT",-24.353163540363347,411.2251603603363,1624290271794,1
"E1",1,241619,261399,1,"Location_check_2",2,"1624290272410",5,5,"Gaze_XYT",-9.338664188981092,403.62192660570145,1624290271984,0.1724179568470592
"E1",1,241619,261399,1,"Location_check_2",2,"1624290272636",5,5,"Gaze_XYT",117.44776137173173,383.62537175416946,1624290272227,0
"E1",1,241619,261399,1,"Location_check_2",2,"1624290272640",5,5,"Gaze_XYT",128.4728869795799,412.82087087631226,1624290272411,0
"E1",1,241619,261399,1,"Location_check_2",2,"1624290272705",5,5,"Gaze_XYT",NaN,NaN,NaN,NaN
"E1",1,241619,261399,1,"Location_check_2",2,"1624290272766",5,5,"Gaze_XYT",NaN,NaN,NaN,NaN
"E1",1,241619,261399,1,"Location_check_2",2,"1624290272832",5,5,"Gaze_XYT",NaN,NaN,NaN,NaN
"E1",1,241619,261399,1,"Location_check_2",2,"1624290272893",5,5,"Gaze_XYT",NaN,NaN,NaN,NaN
"E1",1,241619,261399,1,"Location_check_2",2,"1624290272955",5,5,"Gaze_XYT",NaN,NaN,NaN,NaN
"E1",1,241619,261399,1,"Location_check_2",2,"1624290273017",5,5,"Gaze_XYT",NaN,NaN,NaN,NaN
"E1",1,241619,261399,1,"Location_check_2",2,"1624290273080",5,5,"Gaze_XYT",NaN,NaN,NaN,NaN
"E1",1,241619,261399,1,"Location_check_2",2,"1624290273142",5,5,"Gaze_XYT",NaN,NaN,NaN,NaN
"E1",1,241619,261399,1,"Location_check_2",2,"1624290273657",5,5,"Gaze_XYT",752.0136575726792,213.6567771434784,1624290273143,0
"E1",1,241619,261399,1,"Location_check_2",2,"1624290273720",5,5,"Gaze_XYT",NaN,NaN,NaN,NaN
"E1",1,241619,261399,1,"Location_check_2",2,"1624290273721",5,5,"Gaze_XYT",335.09981851093465,338.77265989780426,1624290273204,0
"E1",1,241619,261399,1,"Location_check_2",2,"1624290273844",5,5,"Gaze_XYT",NaN,NaN,NaN,NaN
"E1",1,241619,261399,1,"Location_check_2",2,"1624290274248",5,5,"Gaze_XYT",-342.27771829813724,374.2629964649677,1624290273721,0.002075460972264409
"E1",1,241619,261399,1,"Location_check_2",2,"1624290274253",5,5,"Gaze_XYT",-373.4900795668364,358.0489242821932,1624290274023,0.0006193543085828424
"E1",1,241619,261399,1,"Location_check_2",2,"1624290274857",5,5,"Gaze_XYT",-18.79045113921169,400.0493797659874,1624290274259,0
"E1",1,241619,261399,1,"Location_check_2",2,"1624290275045",5,5,"Gaze_XYT",15.190061032772029,350.1556894183159,1624290274319,0.06119631137810714
"E1",1,241619,261399,1,"Location_check_2",2,"1624290275260",5,5,"Gaze_XYT",383.37390094995493,224.9611508846283,1624290274860,0
"E1",1,241619,261399,1,"Location_check_2",2,"1624290275477",5,5,"Gaze_XYT",1203.0063233897088,291.30682468414307,1624290275060,0
"E1",1,241619,261399,1,"Location_check_2",2,"1624290275669",5,5,"Gaze_XYT",189.3629326112568,291.20114028453827,1624290275261,0
"E1",1,241619,261399,1,"Location_check_2",2,"1624290275948",5,5,"Gaze_XYT",983.8083877414464,418.931742310524,1624290275495,0
"E1",1,241619,261399,1,"Location_check_2",2,"1624290276215",5,5,"Gaze_XYT",40.00178417190906,429.6652239561081,1624290275679,0
"E1",1,241619,261399,1,"Location_check_2",2,"1624290276474",5,5,"Gaze_XYT",-37.37007543444637,341.36129066348076,1624290275953,0
"E1",1,241619,261399,1,"Location_check_2",2,"1624290276700",5,5,"Gaze_XYT",213.12907099723813,422.8295284509659,1624290276222,0
"E1",1,241619,261399,1,"Location_check_2",2,"1624290276703",5,5,"Gaze_XYT",-1.6759278625250218,446.0525554418564,1624290276474,0
"E1",1,241619,261399,1,"Location_check_2",2,"1624290276776",5,5,"Gaze_XYT",NaN,NaN,NaN,NaN
"E1",1,241619,261399,1,"Location_check_2",2,"1624290276843",5,5,"Gaze_XYT",NaN,NaN,NaN,NaN
"E1",1,241619,261399,1,"Location_check_2",2,"1624290276905",5,5,"Gaze_XYT",NaN,NaN,NaN,NaN
"E1",1,241619,261399,1,"Location_check_2",2,"1624290277021",5,5,"Gaze_XYT",NaN,NaN,NaN,NaN
"E1",1,241619,261399,1,"Location_check_2",2,"1624290277414",5,5,"Gaze_XYT",133.83786341175434,437.03776359558105,1624290276905,0
"E1",1,241619,261399,1,"Location_check_2",2,"1624290277424",5,5,"Gaze_XYT",70.49090733751652,424.47495102882385,1624290277196,0
"E1",1,241619,261399,1,"Location_check_2",2,"1624290277483",5,5,"Gaze_XYT",NaN,NaN,NaN,NaN
"E1",1,241619,261399,1,"Location_check_2",2,"1624290277541",5,5,"Gaze_XYT",NaN,NaN,NaN,NaN
"E1",1,241619,261399,1,"Location_check_2",2,"1624290278053",5,5,"Gaze_XYT",-113.46602089703087,343.709434568882,1624290277542,0
"E1",1,241619,261399,1,"Location_check_2",2,"1624290278122",5,5,"Gaze_XYT",NaN,NaN,NaN,NaN
"E1",1,241619,261399,1,"Location_check_2",2,"1624290278183",5,5,"Gaze_XYT",57.550097648054326,364.7650412097573,1624290277603,0
"E1",1,241619,261399,1,"Location_check_2",2,"1624290278618",5,5,"Gaze_XYT",28.318988960236275,419.2262649536133,1624290278123,0.010671586932886591
"E1",1,241619,261399,1,"Location_check_2",2,"1624290278689",5,5,"Gaze_XYT",NaN,NaN,NaN,NaN
"E1",1,241619,261399,1,"Location_check_2",2,"1624290278746",5,5,"Gaze_XYT",NaN,NaN,NaN,NaN
"E1",1,241619,261399,1,"Location_check_2",2,"1624290278747",5,5,"Gaze_XYT",-59.2462915182114,347.8976221382618,1624290278183,0
"E1",1,241619,261399,1,"Location_check_2",2,"1624290278802",5,5,"Gaze_XYT",NaN,NaN,NaN,NaN
"E1",1,241619,261399,1,"Location_check_2",2,"1624290279317",5,5,"Gaze_XYT",-47.195503599941766,473.44226002693176,1624290278802,0
"E1",1,241619,261399,1,"Location_check_2",2,"1624290279394",5,5,"Gaze_XYT",217.36999420449135,409.1356122493744,1624290278866,0
"E1",1,241619,261399,1,"Location_check_2",2,"1624290279802",5,5,"Gaze_XYT",40.02766044810411,412.50199377536774,1624290279324,0.042800037989240536
"E1",1,241619,261399,1,"Location_check_2",2,"1624290279807",5,5,"Gaze_XYT",-66.33646752685313,306.12929105758667,1624290279574,0.037310268950282534
"E1",1,241619,261399,1,"Location_check_2",2,"1624290280320",5,5,"Gaze_XYT",376.9869451876729,270.4797238111496,1624290279808,0
"E1",1,241619,261399,1,"Location_check_2",2,"1624290280395",5,5,"Gaze_XYT",38.65797342732545,217.83892035484314,1624290279876,0.05097438982624678
"E1",1,241619,261399,1,"Location_check_2",2,"1624290280841",5,5,"Gaze_XYT",210.55098477751014,467.99560546875,1624290280324,0.12367284077927165
"E1",1,241619,261399,1,"Location_check_2",2,"1624290281024",5,5,"Gaze_XYT",229.78629406541583,467.57199883461,1624290280396,0.20890678856055012
"E1",1,241619,261399,1,"Location_check_2",2,"1624290281242",5,5,"Gaze_XYT",169.63994329795239,434.1066884994507,1624290280841,0
"E1",1,241619,261399,1,"Location_check_2",2,"1624290281255",5,5,"Gaze_XYT",111.83844877406952,401.3780790567398,1624290281024,0.17856991291046143
"E1",1,241619,261399,1,"Location_check_2",2,"1624290281310",5,5,"Gaze_XYT",NaN,NaN,NaN,NaN
"E1",1,241619,261399,1,"Location_check_2",2,"1624290281379",5,5,"Gaze_XYT",NaN,NaN,NaN,NaN
"E1",1,241619,261399,1,"Location_check_2",2,"1624290281436",5,5,"Gaze_XYT",NaN,NaN,NaN,NaN
"E1",1,241619,261399,1,"Location_check_2",2,"1624290281500",5,5,"Gaze_XYT",NaN,NaN,NaN,NaN
"E1",1,241619,261399,1,"Location_check_2",2,"1624290281565",5,5,"Gaze_XYT",NaN,NaN,NaN,NaN
"E1",1,241619,261399,1,"Location_check_2",2,"1624290282178",5,5,"Gaze_XYT",-195.91058477759364,280.6521302461624,1624290281565,0.00037224826418988984
"E1",1,241619,261399,1,"Location_check_2",2,"1624290282178",5,5,"Gaze_XYT",-193.21655146777633,282.2332173585892,1624290281621,0.004048119764775038
"E1",1,241619,261399,1,"Location_check_2",2,"1624290282285",5,5,"Gaze_XYT",NaN,NaN,NaN,NaN
"E1",1,241619,261399,1,"Location_check_2",2,"1624290282811",5,5,"Gaze_XYT",-58.13987080007795,346.95623114705086,1624290282285,0.9904506802558899
"E1",1,241619,261399,1,"Location_check_2",2,"1624290282817",5,5,"Gaze_XYT",26.90399937331673,336.21134877204895,1624290282349,1
"E1",1,241619,261399,1,"Location_check_2",2,"1624290283231",5,5,"Gaze_XYT",-71.58194746822123,73.73130798339844,1624290282824,1
"E1",1,241619,261399,1,"Location_check_2",2,"1624290283241",5,5,"Gaze_XYT",-241.78838282823565,315.3769066929817,1624290283007,1
"E1",1,241619,261399,1,"Location_check_2",2,"1624290283655",5,5,"Gaze_XYT",185.1778075098991,437.9414963722229,1624290283242,1
"E1",1,241619,261399,1,"Location_check_2",2,"1624290283845",5,5,"Gaze_XYT",939.6935541275889,315.3516188263893,1624290283425,1
"E1",1,241619,261399,1,"Location_check_2",2,"1624290284068",5,5,"Gaze_XYT",1108.5925314761696,351.994032561779,1624290283658,1
"E1",1,241619,261399,1,"Location_check_2",2,"1624290284287",5,5,"Gaze_XYT",-476.340720653534,23.123302459716797,1624290283858,1
"E1",1,241619,261399,1,"Location_check_2",2,"1624290284492",5,5,"Gaze_XYT",-191.81709527969363,385.6474167108536,1624290284076,1
"E1",1,241619,261399,1,"Location_check_2",2,"1624290284688",5,5,"Gaze_XYT",-269.28440704941755,399.8091745376587,1624290284291,1
"E1",1,241619,261399,1,"Location_check_2",2,"1624290284932",5,5,"Gaze_XYT",92.89083177223799,445.1937711238861,1624290284512,1
"E1",1,241619,261399,1,"Location_check_2",2,"1624290284937",5,5,"Gaze_XYT",-203.23639519512656,440.0747537612915,1624290284690,1
"E1",1,241619,261399,1,"Location_check_2",2,"1624290285363",5,5,"Gaze_XYT",993.8796405307947,311.4171588420868,1624290284940,1
"E1",1,241619,261399,1,"Location_check_2",2,"1624290285373",5,5,"Gaze_XYT",991.716452538967,311.92155361175537,1624290285130,1
"E1",1,241619,261399,1,"Location_check_2",2,"1624290285801",5,5,"Gaze_XYT",15.620874315500224,409.4144654273987,1624290285373,1
"E1",1,241619,261399,1,"Location_check_2",2,"1624290285806",5,5,"Gaze_XYT",-5.978412181139028,448.7008076906204,1624290285560,0
"E1",1,241619,261399,1,"Location_check_2",2,"1624290285868",5,5,"Gaze_XYT",NaN,NaN,NaN,NaN
"E1",1,241619,261399,1,"Location_check_2",2,"1624290285930",5,5,"Gaze_XYT",NaN,NaN,NaN,NaN
"E1",1,241619,261399,1,"Location_check_2",2,"1624290285987",5,5,"Gaze_XYT",NaN,NaN,NaN,NaN
"E1",1,241619,261399,1,"Location_check_2",2,"1624290286043",5,5,"Gaze_XYT",NaN,NaN,NaN,NaN
"E1",1,241619,261399,1,"Location_check_2",2,"1624290286109",5,5,"Gaze_XYT",NaN,NaN,NaN,NaN
"E1",1,241619,261399,1,"Location_check_2",2,"1624290286169",5,5,"Gaze_XYT",NaN,NaN,NaN,NaN
"E1",1,241619,261399,1,"Location_check_2",2,"1624290286232",5,5,"Gaze_XYT",NaN,NaN,NaN,NaN
"E1",1,241619,261399,1,"Location_check_2",2,"1624290286300",5,5,"Gaze_XYT",NaN,NaN,NaN,NaN
"E1",1,241619,261399,1,"Location_check_2",2,"1624290286352",5,5,"Gaze_XYT",NaN,NaN,NaN,NaN
"E1",1,241619,261399,1,"Location_check_2",2,"1624290286412",5,5,"Gaze_XYT",NaN,NaN,NaN,NaN
"E1",1,241619,261399,1,"Location_check_2",2,"1624290286478",5,5,"Gaze_XYT",NaN,NaN,NaN,NaN
"E1",1,241619,261399,1,"Location_check_2",2,"1624290286537",5,5,"Gaze_XYT",NaN,NaN,NaN,NaN
"E1",1,241619,261399,1,"Location_check_2",2,"1624290287050",5,5,"Gaze_XYT",-370.76772738248116,375.82653522491455,1624290286538,0.0012711645841307641
"E1",1,241619,261399,1,"Location_check_2",2,"1624290287118",5,5,"Gaze_XYT",1377.741183415055,537.6663601398468,1624290286600,0.03982644786684607
"E1",1,241619,261399,1,"Location_check_2",2,"1624290287510",5,5,"Gaze_XYT",-180.88326178491118,472.8067374229431,1624290287057,0
"E1",1,241619,261399,1,"Location_check_2",2,"1624290287520",5,5,"Gaze_XYT",121.23474294319746,494.0097713470459,1624290287297,0
"E1",1,241619,261399,1,"Location_check_2",2,"1624290287918",5,5,"Gaze_XYT",-30.26066396385435,418.236728310585,1624290287523,0
"E1",1,241619,261399,1,"Location_check_2",2,"1624290288118",5,5,"Gaze_XYT",19.337325859814847,424.5518285036087,1624290287695,0
"E1",1,241619,261399,1,"Location_check_2",2,"1624290288385",5,5,"Gaze_XYT",196.62783073261377,381.39964655041695,1624290287923,0
"E1",1,241619,261399,1,"Location_check_2",2,"1624290288618",5,5,"Gaze_XYT",183.19006677716968,525.4080426692963,1624290288124,0
"E1",1,241619,261399,1,"Location_check_2",2,"1624290288623",5,5,"Gaze_XYT",448.5562788508832,255.5597698688507,1624290288385,0
"E1",1,241619,261399,1,"Location_check_2",2,"1624290288683",5,5,"Gaze_XYT",NaN,NaN,NaN,NaN
"E1",1,241619,261399,1,"Location_check_2",2,"1624290288737",5,5,"Gaze_XYT",NaN,NaN,NaN,NaN
"E1",1,241619,261399,1,"Location_check_2",2,"1624290289260",5,5,"Gaze_XYT",567.160901625175,384.87348943948746,1624290288740,0
"E1",1,241619,261399,1,"Location_check_2",2,"1624290289264",5,5,"Gaze_XYT",1381.782233379781,546.31840467453,1624290288813,0
"E1",1,241619,261399,1,"Location_check_2",2,"1624290289796",5,5,"Gaze_XYT",-74.33758005499844,319.81200635433197,1624290289273,0.0058853595089805085
"E1",1,241619,261399,1,"Location_check_2",2,"1624290289805",5,5,"Gaze_XYT",29.36686364933845,365.8787765353918,1624290289329,0.48530086823444535
"E1",1,241619,261399,1,"Location_check_2",2,"1624290290208",5,5,"Gaze_XYT",-34.07149903476242,204.07556176185608,1624290289806,0.9999998807907104
"E1",1,241619,261399,1,"Location_check_2",2,"1624290290218",5,5,"Gaze_XYT",146.94782303646204,398.92154037952423,1624290289980,0
"E1",1,241619,261399,1,"Location_check_2",2,"1624290290627",5,5,"Gaze_XYT",148.77263482660052,345.19009441137314,1624290290222,0
"E1",1,241619,261399,1,"Location_check_2",2,"1624290290688",5,5,"Gaze_XYT",NaN,NaN,NaN,NaN
"E1",1,241619,261399,1,"Location_check_2",2,"1624290290739",5,5,"Gaze_XYT",NaN,NaN,NaN,NaN
"E1",1,241619,261399,1,"Location_check_2",2,"1624290290740",5,5,"Gaze_XYT",248.5570898465812,329.5468533039093,1624290290401,0
"E1",1,241619,261399,1,"Location_check_2",2,"1624290290802",5,5,"Gaze_XYT",NaN,NaN,NaN,NaN
"E1",1,241619,261399,1,"Location_check_2",2,"1624290290864",5,5,"Gaze_XYT",NaN,NaN,NaN,NaN
"E1",1,241619,261399,1,"Location_check_2",2,"1624290290924",5,5,"Gaze_XYT",NaN,NaN,NaN,NaN
"E1",1,241619,261399,1,"Location_check_2",2,"1624290290986",5,5,"Gaze_XYT",NaN,NaN,NaN,NaN
"E1",1,241619,261399,1,"Location_check_2",2,"1624290291046",5,5,"Gaze_XYT",NaN,NaN,NaN,NaN
"E1",1,241619,261399,1,"Location_check_2",2,"1624290291106",5,5,"Gaze_XYT",NaN,NaN,NaN,NaN
"E1",1,241619,261399,1,"Location_check_2",2,"1624290291168",5,5,"Gaze_XYT",NaN,NaN,NaN,NaN
"E1",1,241619,261399,1,"Location_check_2",2,"1624290291678",5,5,"Gaze_XYT",169.2989336699247,295.9075105190277,1624290291168,0
"E1",1,241619,261399,1,"Location_check_2",2,"1624290291683",5,5,"Gaze_XYT",253.80192097276446,170.50980806350708,1624290291220,0
"E1",1,241619,261399,1,"Location_check_2",2,"1624290291803",5,5,"Gaze_XYT",NaN,NaN,NaN,NaN
"E1",1,241619,261399,1,"Location_check_2",2,"1624290291861",5,5,"Gaze_XYT",NaN,NaN,NaN,NaN
"E1",1,241619,261399,1,"Location_check_2",2,"1624290292328",5,5,"Gaze_XYT",493.8515744451433,444.67941999435425,1624290291689,0.00004975153594694693
"E1",1,241619,261399,1,"Location_check_2",2,"1624290292486",5,5,"Gaze_XYT",506.4518324937671,448.7687051296234,1624290292040,0.00023574483930133283
"E1",1,241619,261399,1,"Location_check_2",2,"1624290293021",5,5,"Gaze_XYT",86.00197929888961,154.1828155517578,1624290292328,0
"E1",1,241619,261399,1,"Location_check_2",2,"1624290293086",5,5,"Gaze_XYT",545.3206518478692,148.23534965515137,1624290292489,0.26063013148075964
"E1",1,241619,261399,1,"Location_check_2",2,"1624290293148",5,5,"Gaze_XYT",NaN,NaN,NaN,NaN
"E1",1,241619,261399,1,"Location_check_2",2,"1624290293207",5,5,"Gaze_XYT",NaN,NaN,NaN,NaN
"E1",1,241619,261399,1,"Location_check_2",2,"1624290293593",5,5,"Gaze_XYT",-129.58289541304114,193.2954740524292,1624290293023,0
"E1",1,241619,261399,1,"Location_check_2",2,"1624290293598",5,5,"Gaze_XYT",922.4796667136252,300.5746829509735,1624290293375,0
"E1",1,241619,261399,1,"Location_check_2",2,"1624290293662",5,5,"Gaze_XYT",NaN,NaN,NaN,NaN
"E1",1,241619,261399,1,"Location_check_2",2,"1624290293722",5,5,"Gaze_XYT",NaN,NaN,NaN,NaN
"E1",1,241619,261399,1,"Location_check_2",2,"1624290294243",5,5,"Gaze_XYT",2.4295074678957107,437.02067255973816,1624290293723,0
"E1",1,241619,261399,1,"Location_check_2",2,"1624290294252",5,5,"Gaze_XYT",361.2135992292314,496.82947039604187,1624290293786,0.014949333982413689
"E1",1,241619,261399,1,"Location_check_2",2,"1624290294307",5,5,"Gaze_XYT",NaN,NaN,NaN,NaN
"E1",1,241619,261399,1,"Location_check_2",2,"1624290294366",5,5,"Gaze_XYT",NaN,NaN,NaN,NaN
"E1",1,241619,261399,1,"Location_check_2",2,"1624290294522",5,5,"Gaze_XYT",NaN,NaN,NaN,NaN
"E1",1,241619,261399,1,"Location_check_2",2,"1624290294969",5,5,"Gaze_XYT",230.7178400084376,392.58720874786377,1624290294368,0
"E1",1,241619,261399,1,"Location_check_2",2,"1624290295038",5,5,"Gaze_XYT",NaN,NaN,NaN,NaN
"E1",1,241619,261399,1,"Location_check_2",2,"1624290295107",5,5,"Gaze_XYT",NaN,NaN,NaN,NaN
"E1",1,241619,261399,1,"Location_check_2",2,"1624290295108",5,5,"Gaze_XYT",114.26975009962914,427.4240452051163,1624290294523,0
"E1",1,241619,261399,1,"Location_check_2",2,"1624290295184",5,5,"Gaze_XYT",NaN,NaN,NaN,NaN
"E1",1,241619,261399,1,"Location_check_2",2,"1624290295242",5,5,"Gaze_XYT",NaN,NaN,NaN,NaN
"E1",1,241619,261399,1,"Location_check_2",2,"1624290295298",5,5,"Gaze_XYT",NaN,NaN,NaN,NaN
"E1",1,241619,261399,1,"Location_check_2",2,"1624290295358",5,5,"Gaze_XYT",NaN,NaN,NaN,NaN
"E1",1,241619,261399,1,"Location_check_2",2,"1624290295413",5,5,"Gaze_XYT",NaN,NaN,NaN,NaN
"E1",1,241619,261399,1,"Location_check_2",2,"1624290295468",5,5,"Gaze_XYT",NaN,NaN,NaN,NaN
"E1",1,241619,261399,1,"Location_check_2",2,"1624290295528",5,5,"Gaze_XYT",NaN,NaN,NaN,NaN
"E1",1,241619,261399,1,"Location_check_2",2,"1624290295593",5,5,"Gaze_XYT",NaN,NaN,NaN,NaN
"E1",1,241619,261399,1,"Location_check_2",2,"1624290295705",5,5,"Gaze_XYT",NaN,NaN,NaN,NaN
"E1",1,241619,261399,1,"Location_check_2",2,"1624290295769",5,5,"Gaze_XYT",NaN,NaN,NaN,NaN
"E1",1,241619,261399,1,"Location_check_2",2,"1624290296166",5,5,"Gaze_XYT",-70.19523859024052,447.8416156768799,1624290295593,0.05694248154759407
"E1",1,241619,261399,1,"Location_check_2",2,"1624290296234",5,5,"Gaze_XYT",NaN,NaN,NaN,NaN
"E1",1,241619,261399,1,"Location_check_2",2,"1624290296234",5,5,"Gaze_XYT",-17.436946332454717,393.81871819496155,1624290295941,0.25860852003097534
"E1",1,241619,261399,1,"Location_check_2",2,"1624290296349",5,5,"Gaze_XYT",NaN,NaN,NaN,NaN
"E1",1,241619,261399,1,"Location_check_2",2,"1624290296743",5,5,"Gaze_XYT",111.38923967257139,317.312171459198,1624290296235,0
"E1",1,241619,261399,1,"Location_check_2",2,"1624290296749",5,5,"Gaze_XYT",291.56720111146564,462.9167354106903,1624290296521,0.07888140203114664
"E1",1,241619,261399,1,"Location_check_2",2,"1624290296814",5,5,"Gaze_XYT",NaN,NaN,NaN,NaN
"E1",1,241619,261399,1,"Location_check_2",2,"1624290296874",5,5,"Gaze_XYT",NaN,NaN,NaN,NaN
"E1",1,241619,261399,1,"Location_check_2",2,"1624290296939",5,5,"Gaze_XYT",NaN,NaN,NaN,NaN
"E1",1,241619,261399,1,"Location_check_2",2,"1624290296999",5,5,"Gaze_XYT",NaN,NaN,NaN,NaN
"E1",1,241619,261399,1,"Location_check_2",2,"1624290297055",5,5,"Gaze_XYT",NaN,NaN,NaN,NaN
"E1",1,241619,261399,1,"Location_check_2",2,"1624290297124",5,5,"Gaze_XYT",NaN,NaN,NaN,NaN
"E1",1,241619,261399,1,"Location_check_2",2,"1624290297181",5,5,"Gaze_XYT",NaN,NaN,NaN,NaN
"E1",1,241619,261399,1,"Location_check_2",2,"1624290297238",5,5,"Gaze_XYT",NaN,NaN,NaN,NaN
"E1",1,241619,261399,1,"Location_check_2",2,"1624290297302",5,5,"Gaze_XYT",NaN,NaN,NaN,NaN
"E1",1,241619,261399,1,"Location_check_2",2,"1624290297419",5,5,"Gaze_XYT",NaN,NaN,NaN,NaN
"E1",1,241619,261399,1,"Location_check_2",2,"1624290297483",5,5,"Gaze_XYT",NaN,NaN,NaN,NaN
"E1",1,241619,261399,1,"Location_check_2",2,"1624290297908",5,5,"Gaze_XYT",40.980121139436925,424.7113823890686,1624290297302,0.6057918718243022
"E1",1,241619,261399,1,"Location_check_2",2,"1624290297918",5,5,"Gaze_XYT",170.56076470762488,357.5901394709945,1624290297680,1
"E1",1,241619,261399,1,"Location_check_2",2,"1624290298341",5,5,"Gaze_XYT",-199.08718392252925,88.72884750366211,1624290297920,0.19839970363865456
"E1",1,241619,261399,1,"Location_check_2",2,"1624290298346",5,5,"Gaze_XYT",-212.7923742309213,97.17426538467407,1624290298099,0.9999991655349731
"E1",1,241619,261399,1,"Location_check_2",2,"1624290298756",5,5,"Gaze_XYT",110.2614462189376,133.48807096481323,1624290298355,1
"E1",1,241619,261399,1,"Location_check_2",2,"1624290298766",5,5,"Gaze_XYT",-227.61673256754878,325.25502651929855,1624290298531,1
"E1",1,241619,261399,1,"Location_check_2",2,"1624290299179",5,5,"Gaze_XYT",130.51509002223608,422.3239856958389,1624290298771,1
"E1",1,241619,261399,1,"Location_check_2",2,"1624290299184",5,5,"Gaze_XYT",526.9735896307975,408.28985810279846,1624290298948,0.9999994039535522
"E1",1,241619,261399,1,"Location_check_2",2,"1624290299582",5,5,"Gaze_XYT",189.5226556435227,221.6169512271881,1624290299187,0.04102424966367058
"E1",1,241619,261399,1,"Location_check_2",2,"1624290299771",5,5,"Gaze_XYT",201.0117986053228,223.87890100479126,1624290299362,0
"E1",1,241619,261399,1,"Location_check_2",2,"1624290299992",5,5,"Gaze_XYT",635.8927690974087,122.45689630508423,1624290299588,0.3921858545541163
"E1",1,241619,261399,1,"Location_check_2",2,"1624290299996",5,5,"Gaze_XYT",524.4361688569188,170.39097547531128,1624290299771,0.27259397604117797
"E1",1,241619,261399,1,"Location_check_2",2,"1624290300422",5,5,"Gaze_XYT",-30.02564020454887,189.88032460212708,1624290300003,0.9999998807907104
"E1",1,241619,261399,1,"Location_check_2",2,"1624290300433",5,5,"Gaze_XYT",-50.517819002270734,329.1980963945389,1624290300190,0.8865050357805192
"E1",1,241619,261399,1,"Location_check_2",2,"1624290300841",5,5,"Gaze_XYT",153.18022720515725,368.0579835176468,1624290300437,0.8176611092013786
"E1",1,241619,261399,1,"Location_check_2",2,"1624290300847",5,5,"Gaze_XYT",409.6375579759478,369.53957341611385,1624290300614,0.37368559674604596
"E1",1,241619,261399,1,"Location_check_2",2,"1624290301272",5,5,"Gaze_XYT",787.1979413647205,454.2222046852112,1624290300855,0.21323212320546056
"E1",1,241619,261399,1,"Location_check_2",2,"1624290301278",5,5,"Gaze_XYT",-15.354020595550573,300.9146797657013,1624290301031,1
"E1",1,241619,261399,1,"Location_check_2",2,"1624290301695",5,5,"Gaze_XYT",166.2046958878636,416.24586939811707,1624290301288,0.9999998807907104
"E1",1,241619,261399,1,"Location_check_2",2,"1624290301701",5,5,"Gaze_XYT",-100.30186612159018,272.56253957748413,1624290301469,0.9999792575836182
"E1",1,241619,261399,1,"Location_check_2",2,"1624290302179",5,5,"Gaze_XYT",408.9209225215017,472.8289461135864,1624290301704,0.9999997615814209
"E1",1,241619,261399,1,"Location_check_2",2,"1624290302415",5,5,"Gaze_XYT",92.79599025845525,510.65725564956665,1624290301880,1
"E1",1,241619,261399,1,"Location_check_2",2,"1624290302656",5,5,"Gaze_XYT",294.91539278998965,318.68927121162415,1624290302180,0
"E1",1,241619,261399,1,"Location_check_2",2,"1624290302661",5,5,"Gaze_XYT",523.5252991272137,337.87925362586975,1624290302419,0
"E1",1,241619,261399,1,"Location_check_2",2,"1624290303075",5,5,"Gaze_XYT",-206.16186469793323,204.44393634796143,1624290302670,0.1045407067647528
"E1",1,241619,261399,1,"Location_check_2",2,"1624290303085",5,5,"Gaze_XYT",-110.56192412972455,198.60912322998047,1624290302850,0.063073512720069
"E1",1,241619,261399,1,"Location_check_2",2,"1624290303504",5,5,"Gaze_XYT",50.37798009812828,359.64171471074224,1624290303087,0.2522349367934243
"E1",1,241619,261399,1,"Location_check_2",2,"1624290303679",5,5,"Gaze_XYT",323.099504597485,414.21355962753296,1624290303280,0
"E1",1,241619,261399,1,"Location_check_2",2,"1624290303889",5,5,"Gaze_XYT",769.3618783541024,380.74596270918846,1624290303504,0
"E1",1,241619,261399,1,"Location_check_2",2,"1624290304100",5,5,"Gaze_XYT",476.0465019010007,254.2795729637146,1624290303688,0
"E1",1,241619,261399,1,"Location_check_2",2,"1624290304317",5,5,"Gaze_XYT",252.749695405364,204.6265196800232,1624290303903,0
"E1",1,241619,261399,1,"Location_check_2",2,"1624290304391",5,5,"Gaze_XYT",246.2058217823505,532.2436738014221,1624290304103,0
"E1",1,241619,261399,1,"Location_check_2",2,"1624290304789",5,5,"Gaze_XYT",85.78069515526292,374.4840158522129,1624290304323,0
"E1",1,241619,261399,1,"Location_check_2",2,"1624290304799",5,5,"Gaze_XYT",-172.53842987120154,459.43700909614563,1624290304568,0
"E1",1,241619,261399,1,"Location_check_2",2,"1624290305312",5,5,"Gaze_XYT",-342.98118662089115,416.74271643161774,1624290304802,0.8392676100373369
"E1",1,241619,261399,1,"Location_check_2",2,"1624290305504",5,5,"Gaze_XYT",-312.5067190453411,429.5205080509186,1624290304862,1
"E1",1,241619,261399,1,"Location_check_2",2,"1624290305720",5,5,"Gaze_XYT",-131.90634075552228,201.60685658454895,1624290305318,0.9999998807907104
"E1",1,241619,261399,1,"Location_check_2",2,"1624290305729",5,5,"Gaze_XYT",484.88111294806,129.9481987953186,1624290305504,1
"E1",1,241619,261399,1,"Location_check_2",2,"1624290306137",5,5,"Gaze_XYT",-30.0119769200683,380.18492236733437,1624290305736,1
"E1",1,241619,261399,1,"Location_check_2",2,"1624290306142",5,5,"Gaze_XYT",801.6774735134095,237.71928191184998,1624290305916,1
"E1",1,241619,261399,1,"Location_check_2",2,"1624290306572",5,5,"Gaze_XYT",384.58937986753875,27.636215686798096,1624290306152,1
"E1",1,241619,261399,1,"Location_check_2",2,"1624290306577",5,5,"Gaze_XYT",1024.5331810973582,292.42838501930237,1624290306337,1
"E1",1,241619,261399,1,"Location_check_2",2,"1624290306989",5,5,"Gaze_XYT",93.40641085058448,383.3844503760338,1624290306585,1
"E1",1,241619,261399,1,"Location_check_2",2,"1624290307000",5,5,"Gaze_XYT",18.367728814482653,353.22772331535816,1624290306764,1
"E1",1,241619,261399,1,"Location_check_2",2,"1624290307408",5,5,"Gaze_XYT",153.20644697174427,458.83870482444763,1624290307002,0
"E1",1,241619,261399,1,"Location_check_2",2,"1624290307418",5,5,"Gaze_XYT",88.48251424729821,424.14150416851044,1624290307179,0
"E1",1,241619,261399,1,"Location_check_2",2,"1624290307541",5,5,"Gaze_XYT",NaN,NaN,NaN,NaN
"E1",1,241619,261399,1,"Location_check_2",2,"1624290307934",5,5,"Gaze_XYT",352.0095261000096,119.42503452301025,1624290307419,0
"E1",1,241619,261399,1,"Location_check_2",2,"1624290307990",5,5,"Gaze_XYT",NaN,NaN,NaN,NaN
"E1",1,241619,261399,1,"Location_check_2",2,"1624290308050",5,5,"Gaze_XYT",NaN,NaN,NaN,NaN
"E1",1,241619,261399,1,"Location_check_2",2,"1624290308051",5,5,"Gaze_XYT",1354.6390119567511,161.13095998764038,1624290307713,0
"E1",1,241619,261399,1,"Location_check_2",2,"1624290308115",5,5,"Gaze_XYT",NaN,NaN,NaN,NaN
"E1",1,241619,261399,1,"Location_check_2",2,"1624290308179",5,5,"Gaze_XYT",NaN,NaN,NaN,NaN
"E1",1,241619,261399,1,"Location_check_2",2,"1624290308237",5,5,"Gaze_XYT",NaN,NaN,NaN,NaN
"E1",1,241619,261399,1,"Location_check_2",2,"1624290308310",5,5,"Gaze_XYT",NaN,NaN,NaN,NaN
"E1",1,241619,261399,1,"Location_check_2",2,"1624290308373",5,5,"Gaze_XYT",NaN,NaN,NaN,NaN
"E1",1,241619,261399,1,"Location_check_2",2,"1624290308430",5,5,"Gaze_XYT",NaN,NaN,NaN,NaN
"E1",1,241619,261399,1,"Location_check_2",2,"1624290308953",5,5,"Gaze_XYT",328.67914344184095,342.2014845907688,1624290308433,0
"E1",1,241619,261399,1,"Location_check_2",2,"1624290308958",5,5,"Gaze_XYT",408.36851364001626,455.5133557319641,1624290308493,0.01798427291214466
"E1",1,241619,261399,1,"Location_check_2",2,"1624290309088",5,5,"Gaze_XYT",NaN,NaN,NaN,NaN
"E1",1,241619,261399,1,"Location_check_2",2,"1624290309473",5,5,"Gaze_XYT",-54.996857382357156,353.41065131127834,1624290308970,0
"E1",1,241619,261399,1,"Location_check_2",2,"1624290309482",5,5,"Gaze_XYT",-46.33479300886396,434.20841932296753,1624290309263,0
"E1",1,241619,261399,1,"Location_check_2",2,"1624290309995",5,5,"Gaze_XYT",-287.67732523381716,452.79064536094666,1624290309485,0.05676357399842253
"E1",1,241619,261399,1,"Location_check_2",2,"1624290310000",5,5,"Gaze_XYT",-163.7286646291614,530.0623083114624,1624290309539,0
"E1",1,241619,261399,1,"Location_check_2",2,"1624290310524",5,5,"Gaze_XYT",71.45745113492009,450.8174407482147,1624290310001,1
"E1",1,241619,261399,1,"Location_check_2",2,"1624290310529",5,5,"Gaze_XYT",178.04618366062638,479.9873113632202,1624290310061,1
"E1",1,241619,261399,1,"Location_check_2",2,"1624290310939",5,5,"Gaze_XYT",-442.3229588568211,294.61732506752014,1624290310534,1
"E1",1,241619,261399,1,"Location_check_2",2,"1624290310944",5,5,"Gaze_XYT",-376.6541603952647,450.3796398639679,1624290310717,1
"E1",1,241619,261399,1,"Location_check_2",2,"1624290311357",5,5,"Gaze_XYT",-260.10725975036627,376.55717700719833,1624290310953,1
"E1",1,241619,261399,1,"Location_check_2",2,"1624290311367",5,5,"Gaze_XYT",-250.74333000928166,493.767192363739,1624290311131,1
"E1",1,241619,261399,1,"Location_check_2",2,"1624290311770",5,5,"Gaze_XYT",48.951846156269276,336.2571904063225,1624290311368,0.9775796739585285
"E1",1,241619,261399,1,"Location_check_2",2,"1624290311775",5,5,"Gaze_XYT",-198.9542913064361,44.839603900909424,1624290311544,0.9753881779854612
"E1",1,241619,261399,1,"Location_check_2",2,"1624290312239",5,5,"Gaze_XYT",502.47269667219365,90.38389921188354,1624290311785,0.5917411347356611
"E1",1,241619,261399,1,"Location_check_2",2,"1624290312473",5,5,"Gaze_XYT",521.5750751784071,91.66118860244751,1624290311958,0.6216217220228426
"E1",1,241619,261399,1,"Location_check_2",2,"1624290312691",5,5,"Gaze_XYT",447.4809821788221,318.23146909475327,1624290312239,1
"E1",1,241619,261399,1,"Location_check_2",2,"1624290312888",5,5,"Gaze_XYT",205.2850862406194,477.08163142204285,1624290312486,0
"E1",1,241619,261399,1,"Location_check_2",2,"1624290313141",5,5,"Gaze_XYT",-288.4247603267432,263.618026971817,1624290312701,0
"E1",1,241619,261399,1,"Location_check_2",2,"1624290313363",5,5,"Gaze_XYT",375.88781409896905,497.643917798996,1624290312904,0
"E1",1,241619,261399,1,"Location_check_2",2,"1624290313426",5,5,"Gaze_XYT",20.66430557519194,427.1471446752548,1624290313141,0
"E1",1,241619,261399,1,"Location_check_2",2,"1624290313822",5,5,"Gaze_XYT",1400.795189887285,95.80078125,1624290313368,0
"E1",1,241619,261399,1,"Location_check_2",2,"1624290313833",5,5,"Gaze_XYT",1379.1921631619332,543.0237507820129,1624290313598,0
"E1",1,241619,261399,1,"Location_check_2",2,"1624290314332",5,5,"Gaze_XYT",1381.2124209851024,545.2394700050354,1624290313834,0
"E1",1,241619,261399,1,"Location_check_2",2,"1624290314397",5,5,"Gaze_XYT",1454.95736554265,191.11746668815613,1624290313886,0
"E1",1,241619,261399,1,"Location_check_2",2,"1624290314854",5,5,"Gaze_XYT",1382.4323461949823,548.9516258239746,1624290314335,0
"E1",1,241619,261399,1,"Location_check_2",2,"1624290314859",5,5,"Gaze_XYT",59.30373059585687,397.5361633300781,1624290314400,0.0009174059377983212
"E1",1,241619,261399,1,"Location_check_2",2,"1624290315388",5,5,"Gaze_XYT",-30.139526352286374,468.1886923313141,1624290314868,0.002017298946157098
"E1",1,241619,261399,1,"Location_check_2",2,"1624290315466",5,5,"Gaze_XYT",127.19002669677135,411.9664478302002,1624290314926,0.011224349960684776
"E1",1,241619,261399,1,"Location_check_2",2,"1624290315529",5,5,"Gaze_XYT",NaN,NaN,NaN,NaN
"E1",1,241619,261399,1,"Location_check_2",2,"1624290316034",5,5,"Gaze_XYT",-47.46594503521923,361.45441476255655,1624290315400,0.0007947237518149601
"E1",1,241619,261399,1,"Location_check_2",2,"1624290316099",5,5,"Gaze_XYT",-47.314351275563276,359.7885583830066,1624290315529,0.0010389545932412148
"E1",1,241619,261399,1,"Location_check_2",2,"1624290316565",5,5,"Gaze_XYT",-133.37754826992753,397.0066174864769,1624290316034,0
"E1",1,241619,261399,1,"Location_check_2",2,"1624290316628",5,5,"Gaze_XYT",170.85700608789918,410.0403159856796,1624290316101,0.0013263487866059524
"E1",1,241619,261399,1,"Location_check_2",2,"1624290317023",5,5,"Gaze_XYT",-164.5119753852487,360.96198650076985,1624290316566,0.0024871147340497913
"E1",1,241619,261399,1,"Location_check_2",2,"1624290317035",5,5,"Gaze_XYT",-176.0421082004905,419.58808958530426,1624290316801,0.9970346689224243
"E1",1,241619,261399,1,"Location_check_2",2,"1624290317554",5,5,"Gaze_XYT",17.740362696349585,403.60524863004684,1624290317036,1
"E1",1,241619,261399,1,"Location_check_2",2,"1624290317561",5,5,"Gaze_XYT",52.61536201462146,402.4202513694763,1624290317088,1
"E1",1,241619,261399,1,"Location_check_2",2,"1624290317968",5,5,"Gaze_XYT",-4.6800184994936345,217.4829912185669,1624290317567,1
"E1",1,241619,261399,1,"Location_check_2",2,"1624290317978",5,5,"Gaze_XYT",17.430839687585795,533.8649725914001,1624290317745,0.9999717473983765
"E1",1,241619,261399,1,"Location_check_2",2,"1624290318394",5,5,"Gaze_XYT",-58.6350312829018,237.25372552871704,1624290317982,1
"E1",1,241619,261399,1,"Location_check_2",2,"1624290318399",5,5,"Gaze_XYT",41.70339740812775,396.3528397679329,1624290318172,0
"E1",1,241619,261399,1,"Location_check_2",2,"1624290318792",5,5,"Gaze_XYT",127.41711201146242,336.72032207250595,1624290318400,0
"E1",1,241619,261399,1,"Location_check_2",2,"1624290318863",5,5,"Gaze_XYT",NaN,NaN,NaN,NaN
"E1",1,241619,261399,1,"Location_check_2",2,"1624290318928",5,5,"Gaze_XYT",NaN,NaN,NaN,NaN
"E1",1,241619,261399,1,"Location_check_2",2,"1624290318929",5,5,"Gaze_XYT",250.79897530376908,347.5821916759014,1624290318582,0.00007734233584252845
"E1",1,241619,261399,1,"Location_check_2",2,"1624290318987",5,5,"Gaze_XYT",NaN,NaN,NaN,NaN
"E1",1,241619,261399,1,"Location_check_2",2,"1624290319052",5,5,"Gaze_XYT",NaN,NaN,NaN,NaN
"E1",1,241619,261399,1,"Location_check_2",2,"1624290319108",5,5,"Gaze_XYT",NaN,NaN,NaN,NaN
"E1",1,241619,261399,1,"Location_check_2",2,"1624290319168",5,5,"Gaze_XYT",NaN,NaN,NaN,NaN
"E1",1,241619,261399,1,"Location_check_2",2,"1624290319226",5,5,"Gaze_XYT",NaN,NaN,NaN,NaN
"E1",1,241619,261399,1,"Location_check_2",2,"1624290319287",5,5,"Gaze_XYT",NaN,NaN,NaN,NaN
"E1",1,241619,261399,1,"Location_check_2",2,"1624290319349",5,5,"Gaze_XYT",NaN,NaN,NaN,NaN
"E1",1,241619,261399,1,"Location_check_2",2,"1624290319416",5,5,"Gaze_XYT",NaN,NaN,NaN,NaN
"E1",1,241619,261399,1,"Location_check_2",2,"1624290319472",5,5,"Gaze_XYT",NaN,NaN,NaN,NaN
"E1",1,241619,261399,1,"Location_check_2",2,"1624290319529",5,5,"Gaze_XYT",NaN,NaN,NaN,NaN
"E1",1,241619,261399,1,"Location_check_2",2,"1624290319591",5,5,"Gaze_XYT",NaN,NaN,NaN,NaN
"E1",1,241619,261399,1,"Location_check_2",2,"1624290319651",5,5,"Gaze_XYT",NaN,NaN,NaN,NaN
"E1",1,241619,261399,1,"Location_check_2",2,"1624290319713",5,5,"Gaze_XYT",NaN,NaN,NaN,NaN
"E1",1,241619,261399,1,"Location_check_2",2,"1624290319763",5,5,"Gaze_XYT",NaN,NaN,NaN,NaN
"E1",1,241619,261399,1,"Location_check_2",2,"1624290319824",5,5,"Gaze_XYT",NaN,NaN,NaN,NaN
"E1",1,241619,261399,1,"Location_check_2",2,"1624290319880",5,5,"Gaze_XYT",NaN,NaN,NaN,NaN
"E1",1,241619,261399,1,"Location_check_2",2,"1624290319935",5,5,"Gaze_XYT",NaN,NaN,NaN,NaN
"E1",1,241619,261399,1,"Location_check_2",2,"1624290319994",5,5,"Gaze_XYT",NaN,NaN,NaN,NaN
"E1",1,241619,261399,1,"Location_check_2",2,"1624290320054",5,5,"Gaze_XYT",NaN,NaN,NaN,NaN
"E1",1,241619,261399,1,"Location_check_2",2,"1624290320113",5,5,"Gaze_XYT",NaN,NaN,NaN,NaN
"E1",1,241619,261399,1,"Location_check_2",2,"1624290320171",5,5,"Gaze_XYT",NaN,NaN,NaN,NaN
"E1",1,241619,261399,1,"Location_check_2",2,"1624290320232",5,5,"Gaze_XYT",NaN,NaN,NaN,NaN
"E1",1,241619,261399,1,"Location_check_2",2,"1624290320294",5,5,"Gaze_XYT",NaN,NaN,NaN,NaN
"E1",1,241619,261399,1,"Location_check_2",2,"1624290320354",5,5,"Gaze_XYT",NaN,NaN,NaN,NaN
"E1",1,241619,261399,1,"Location_check_2",2,"1624290320419",5,5,"Gaze_XYT",NaN,NaN,NaN,NaN
"E1",1,241619,261399,1,"Location_check_2",2,"1624290320472",5,5,"Gaze_XYT",NaN,NaN,NaN,NaN
"E1",1,241619,261399,1,"Location_check_2",2,"1624290320535",5,5,"Gaze_XYT",NaN,NaN,NaN,NaN
"E1",1,241619,261399,1,"Location_check_2",2,"1624290320595",5,5,"Gaze_XYT",NaN,NaN,NaN,NaN
"E1",1,241619,261399,1,"Location_check_2",2,"1624290320651",5,5,"Gaze_XYT",NaN,NaN,NaN,NaN
"E1",1,241619,261399,1,"Location_check_2",2,"1624290320704",5,5,"Gaze_XYT",NaN,NaN,NaN,NaN
"E1",1,241619,261399,1,"Location_check_2",2,"1624290320768",5,5,"Gaze_XYT",NaN,NaN,NaN,NaN
"E1",1,241619,261399,1,"Location_check_2",2,"1624290320845",5,5,"Gaze_XYT",NaN,NaN,NaN,NaN
"E1",1,241619,261399,1,"Location_check_2",2,"1624290320905",5,5,"Gaze_XYT",NaN,NaN,NaN,NaN
"E1",1,241619,261399,1,"Location_check_2",2,"1624290320966",5,5,"Gaze_XYT",NaN,NaN,NaN,NaN
"E1",1,241619,261399,1,"Location_check_2",2,"1624290321028",5,5,"Gaze_XYT",NaN,NaN,NaN,NaN
"E1",1,241619,261399,1,"Location_check_2",2,"1624290321077",5,5,"Gaze_XYT",NaN,NaN,NaN,NaN
"E1",1,241619,261399,1,"Location_check_2",2,"1624290321137",5,5,"Gaze_XYT",NaN,NaN,NaN,NaN
"E1",1,241619,261399,1,"Location_check_2",2,"1624290321189",5,5,"Gaze_XYT",NaN,NaN,NaN,NaN
"E1",1,241619,261399,1,"Location_check_2",2,"1624290321267",5,5,"Gaze_XYT",NaN,NaN,NaN,NaN
"E1",1,241619,261399,1,"Location_check_2",2,"1624290321335",5,5,"Gaze_XYT",NaN,NaN,NaN,NaN
"E1",1,241619,261399,1,"Location_check_2",2,"1624290321475",5,5,"Gaze_XYT",NaN,NaN,NaN,NaN
"E1",1,241619,261399,1,"Location_check_2",2,"1624290321584",5,5,"Gaze_XYT",NaN,NaN,NaN,NaN
"E1",1,241619,261399,1,"Location_check_2",2,"1624290321648",5,5,"Gaze_XYT",NaN,NaN,NaN,NaN
"E1",1,241619,261399,1,"Location_check_2",2,"1624290321705",5,5,"Gaze_XYT",NaN,NaN,NaN,NaN
"E1",1,241619,261399,1,"Location_check_2",2,"1624290321769",5,5,"Gaze_XYT",NaN,NaN,NaN,NaN
"E1",1,241619,261399,1,"Location_check_2",2,"1624290322306",5,5,"Gaze_XYT",667.5421497330535,400.5558693408966,1624290321769,0.01116814862894942
"E1",1,241619,261399,1,"Location_check_2",2,"1624290322316",5,5,"Gaze_XYT",528.8980804244056,350.02121418714523,1624290321842,0.6430420354538738
"E1",1,241619,261399,1,"Location_check_2",2,"1624290322820",5,5,"Gaze_XYT",405.2038030792027,158.17156076431274,1624290322316,0.7601987016127819
"E1",1,241619,261399,1,"Location_check_2",2,"1624290322831",5,5,"Gaze_XYT",429.85318884253496,148.9794158935547,1624290322377,0.6081801394774561
"E1",1,241619,261399,1,"Location_check_2",2,"1624290323238",5,5,"Gaze_XYT",327.9976966697722,376.57365918159485,1624290322831,0.617197450608559
"E1",1,241619,261399,1,"Location_check_2",2,"1624290323244",5,5,"Gaze_XYT",742.1223365003243,247.37411856651306,1624290323006,0.003896638233805429
"E1",1,241619,261399,1,"Location_check_2",2,"1624290323751",5,5,"Gaze_XYT",-163.11770971864465,167.12786436080933,1624290323249,0
"E1",1,241619,261399,1,"Location_check_2",2,"1624290323756",5,5,"Gaze_XYT",111.86172978952524,387.27916806936264,1624290323300,0
"E1",1,241619,261399,1,"Location_check_2",2,"1624290323822",5,5,"Gaze_XYT",NaN,NaN,NaN,NaN
"E1",1,241619,261399,1,"Location_check_2",2,"1624290323882",5,5,"Gaze_XYT",NaN,NaN,NaN,NaN
"E1",1,241619,261399,1,"Location_check_2",2,"1624290324427",5,5,"Gaze_XYT",174.56288576126096,361.90180387347937,1624290323884,0
"E1",1,241619,261399,1,"Location_check_2",2,"1624290324492",5,5,"Gaze_XYT",NaN,NaN,NaN,NaN
"E1",1,241619,261399,1,"Location_check_2",2,"1624290324493",5,5,"Gaze_XYT",36.73461806029078,334.92757111787796,1624290323952,0
"E1",1,241619,261399,1,"Location_check_2",2,"1624290324605",5,5,"Gaze_XYT",NaN,NaN,NaN,NaN
"E1",1,241619,261399,1,"Location_check_2",2,"1624290324665",5,5,"Gaze_XYT",NaN,NaN,NaN,NaN
"E1",1,241619,261399,1,"Location_check_2",2,"1624290325069",5,5,"Gaze_XYT",176.2021364085376,310.3537541627884,1624290324493,0
"E1",1,241619,261399,1,"Location_check_2",2,"1624290325074",5,5,"Gaze_XYT",154.785510469228,415.82417249679565,1624290324838,0
"E1",1,241619,261399,1,"Location_check_2",2,"1624290325139",5,5,"Gaze_XYT",NaN,NaN,NaN,NaN
"E1",1,241619,261399,1,"Location_check_2",2,"1624290325197",5,5,"Gaze_XYT",NaN,NaN,NaN,NaN
"E1",1,241619,261399,1,"Location_check_2",2,"1624290325260",5,5,"Gaze_XYT",NaN,NaN,NaN,NaN
"E1",1,241619,261399,1,"Location_check_2",2,"1624290325313",5,5,"Gaze_XYT",NaN,NaN,NaN,NaN
"E1",1,241619,261399,1,"Location_check_2",2,"1624290325369",5,5,"Gaze_XYT",NaN,NaN,NaN,NaN
"E1",1,241619,261399,1,"Location_check_2",2,"1624290325428",5,5,"Gaze_XYT",NaN,NaN,NaN,NaN
"E1",1,241619,261399,1,"Location_check_2",2,"1624290325497",5,5,"Gaze_XYT",NaN,NaN,NaN,NaN
"E1",1,241619,261399,1,"Location_check_2",2,"1624290325557",5,5,"Gaze_XYT",NaN,NaN,NaN,NaN
"E1",1,241619,261399,1,"Location_check_2",2,"1624290325615",5,5,"Gaze_XYT",NaN,NaN,NaN,NaN
"E1",1,241619,261399,1,"Location_check_2",2,"1624290325671",5,5,"Gaze_XYT",NaN,NaN,NaN,NaN
"E1",1,241619,261399,1,"Location_check_2",2,"1624290325733",5,5,"Gaze_XYT",NaN,NaN,NaN,NaN
"E1",1,241619,261399,1,"Location_check_2",2,"1624290326256",5,5,"Gaze_XYT",97.57050670683381,446.72655165195465,1624290325733,0.0029731737871699806
"E1",1,241619,261399,1,"Location_check_2",2,"1624290326322",5,5,"Gaze_XYT",30.2120408415794,455.190589427948,1624290325794,0.18142843362202007
"E1",1,241619,261399,1,"Location_check_2",2,"1624290326723",5,5,"Gaze_XYT",-191.49971015751365,473.6495089530945,1624290326265,1
"E1",1,241619,261399,1,"Location_check_2",2,"1624290326917",5,5,"Gaze_XYT",643.4562671137974,329.34471398591995,1624290326502,1
"E1",1,241619,261399,1,"Location_check_2",2,"1624290327142",5,5,"Gaze_XYT",300.0098514556884,257.8172028064728,1624290326732,1
"E1",1,241619,261399,1,"Location_check_2",2,"1624290327337",5,5,"Gaze_XYT",-343.2644516974688,259.9659848213196,1624290326931,1
"E1",1,241619,261399,1,"Location_check_2",2,"1624290327547",5,5,"Gaze_XYT",-331.71935796737677,399.50803488492966,1624290327149,1
"E1",1,241619,261399,1,"Location_check_2",2,"1624290327744",5,5,"Gaze_XYT",-98.95790271461014,527.8490889072418,1624290327347,1
"E1",1,241619,261399,1,"Location_check_2",2,"1624290327960",5,5,"Gaze_XYT",798.8420271174982,160.32149076461792,1624290327548,1
"E1",1,241619,261399,1,"Location_check_2",2,"1624290328154",5,5,"Gaze_XYT",983.3998631685971,355.84482640028,1624290327748,1
"E1",1,241619,261399,1,"Location_check_2",2,"1624290328405",5,5,"Gaze_XYT",-25.101361945271528,508.43533515930176,1624290327969,1
"E1",1,241619,261399,1,"Location_check_2",2,"1624290328411",5,5,"Gaze_XYT",-20.33165436238054,508.1606125831604,1624290328155,1
"E1",1,241619,261399,1,"Location_check_2",2,"1624290328818",5,5,"Gaze_XYT",163.04271416738626,448.5766804218292,1624290328414,1
"E1",1,241619,261399,1,"Location_check_2",2,"1624290328827",5,5,"Gaze_XYT",-0.3459330648184178,458.34637999534607,1624290328597,1
"E1",1,241619,261399,1,"Location_check_2",2,"1624290329226",5,5,"Gaze_XYT",-248.46385143697265,555.6634140014648,1624290328830,1
"E1",1,241619,261399,1,"Location_check_2",2,"1624290329417",5,5,"Gaze_XYT",-352.1409304067493,364.8066804930568,1624290329006,0.8154242464887522
"E1",1,241619,261399,1,"Location_check_2",2,"1624290329653",5,5,"Gaze_XYT",-273.84916536509996,465.0203061103821,1624290329231,0
"E1",1,241619,261399,1,"Location_check_2",2,"1624290329657",5,5,"Gaze_XYT",-246.00552886724475,403.25959503650665,1624290329418,0
"E1",1,241619,261399,1,"Location_check_2",2,"1624290330057",5,5,"Gaze_XYT",-188.71079716831449,432.39146411418915,1624290329663,0
"E1",1,241619,261399,1,"Location_check_2",2,"1624290330241",5,5,"Gaze_XYT",-143.23473021388057,444.70463812351227,1624290329841,0.0054894526328679305
"E1",1,241619,261399,1,"Location_check_2",2,"1624290330457",5,5,"Gaze_XYT",-109.43939752876763,397.6541429758072,1624290330064,0
"E1",1,241619,261399,1,"Location_check_2",2,"1624290330665",5,5,"Gaze_XYT",-229.3425809592009,425.0799125432968,1624290330254,0
"E1",1,241619,261399,1,"Location_check_2",2,"1624290330855",5,5,"Gaze_XYT",-131.80657587945464,393.12521159648895,1624290330463,0
"E1",1,241619,261399,1,"Location_check_2",2,"1624290331080",5,5,"Gaze_XYT",16.468608602881396,415.1852756738663,1624290330686,0
"E1",1,241619,261399,1,"Location_check_2",2,"1624290331277",5,5,"Gaze_XYT",45.99840126931664,403.2010504603386,1624290330855,0
"E1",1,241619,261399,1,"Location_check_2",2,"1624290331502",5,5,"Gaze_XYT",48.19074777886268,407.00631380081177,1624290331080,0
"E1",1,241619,261399,1,"Location_check_2",2,"1624290331507",5,5,"Gaze_XYT",-88.28848049044613,450.16892552375793,1624290331277,0
"E1",1,241619,261399,1,"Location_check_2",2,"1624290331919",5,5,"Gaze_XYT",-96.10410820692782,328.73236566782,1624290331513,0
"E1",1,241619,261399,1,"Location_check_2",2,"1624290331931",5,5,"Gaze_XYT",194.94285769760606,106.28227472305298,1624290331696,0
"E1",1,241619,261399,1,"Location_check_2",2,"1624290332399",5,5,"Gaze_XYT",284.2880290560424,85.73479413986206,1624290331932,0.14526709806285615
"E1",1,241619,261399,1,"Location_check_2",2,"1624290332627",5,5,"Gaze_XYT",271.38591928407544,91.06226205825806,1624290332109,0.5525868758720047
"E1",1,241619,261399,1,"Location_check_2",2,"1624290332870",5,5,"Gaze_XYT",107.85815844312307,381.8877039849758,1624290332400,0.6533553908310128
"E1",1,241619,261399,1,"Location_check_2",2,"1624290332880",5,5,"Gaze_XYT",204.88262999802825,457.948157787323,1624290332627,0.7268867487613351
"E1",1,241619,261399,1,"Location_check_2",2,"1624290333295",5,5,"Gaze_XYT",42.84222071990367,470.0917088985443,1624290332880,0
"E1",1,241619,261399,1,"Location_check_2",2,"1624290333479",5,5,"Gaze_XYT",-115.63344527035956,408.8950824737549,1624290333070,0
"E1",1,241619,261399,1,"Location_check_2",2,"1624290333709",5,5,"Gaze_XYT",-245.49181990325454,499.815970659256,1624290333295,0
"E1",1,241619,261399,1,"Location_check_2",2,"1624290333767",5,5,"Gaze_XYT",-113.86920228600506,443.71730625629425,1624290333479,0
"E1",1,241619,261399,1,"Location_check_2",2,"1624290334152",5,5,"Gaze_XYT",-309.3575228005648,85.34059524536133,1624290333712,0.031161416641222094
"E1",1,241619,261399,1,"Location_check_2",2,"1624290334162",5,5,"Gaze_XYT",-148.17160312086347,329.385786652565,1624290333934,0
"E1",1,241619,261399,1,"Location_check_2",2,"1624290334666",5,5,"Gaze_XYT",-238.66048298776153,374.87155079841614,1624290334162,0
"E1",1,241619,261399,1,"Location_check_2",2,"1624290334672",5,5,"Gaze_XYT",-99.29543927311902,200.53075432777405,1624290334222,0
"E1",1,241619,261399,1,"Location_check_2",2,"1624290334732",5,5,"Gaze_XYT",NaN,NaN,NaN,NaN
"E1",1,241619,261399,1,"Location_check_2",2,"1624290334792",5,5,"Gaze_XYT",NaN,NaN,NaN,NaN
"E1",1,241619,261399,1,"Location_check_2",2,"1624290334852",5,5,"Gaze_XYT",NaN,NaN,NaN,NaN
"E1",1,241619,261399,1,"Location_check_2",2,"1624290334915",5,5,"Gaze_XYT",NaN,NaN,NaN,NaN
"E1",1,241619,261399,1,"Location_check_2",2,"1624290334971",5,5,"Gaze_XYT",NaN,NaN,NaN,NaN
"E1",1,241619,261399,1,"Location_check_2",2,"1624290335031",5,5,"Gaze_XYT",NaN,NaN,NaN,NaN
"E1",1,241619,261399,1,"Location_check_2",2,"1624290335098",5,5,"Gaze_XYT",NaN,NaN,NaN,NaN
"E1",1,241619,261399,1,"Location_check_2",2,"1624290335164",5,5,"Gaze_XYT",NaN,NaN,NaN,NaN
"E1",1,241619,261399,1,"Location_check_2",2,"1624290335224",5,5,"Gaze_XYT",NaN,NaN,NaN,NaN
"E1",1,241619,261399,1,"Location_check_2",2,"1624290335284",5,5,"Gaze_XYT",NaN,NaN,NaN,NaN
"E1",1,241619,261399,1,"Location_check_2",2,"1624290335347",5,5,"Gaze_XYT",NaN,NaN,NaN,NaN
"E1",1,241619,261399,1,"Location_check_2",2,"1624290335409",5,5,"Gaze_XYT",NaN,NaN,NaN,NaN
"E1",1,241619,261399,1,"Location_check_2",2,"1624290335474",5,5,"Gaze_XYT",NaN,NaN,NaN,NaN
"E1",1,241619,261399,1,"Location_check_2",2,"1624290335533",5,5,"Gaze_XYT",NaN,NaN,NaN,NaN
"E1",1,241619,261399,1,"Location_check_2",2,"1624290335601",5,5,"Gaze_XYT",NaN,NaN,NaN,NaN
"E1",1,241619,261399,1,"Location_check_2",2,"1624290335665",5,5,"Gaze_XYT",NaN,NaN,NaN,NaN
"E1",1,241619,261399,1,"Location_check_2",2,"1624290335721",5,5,"Gaze_XYT",NaN,NaN,NaN,NaN
"E1",1,241619,261399,1,"Location_check_2",2,"1624290335777",5,5,"Gaze_XYT",NaN,NaN,NaN,NaN
"E1",1,241619,261399,1,"Location_check_2",2,"1624290335836",5,5,"Gaze_XYT",NaN,NaN,NaN,NaN
"E1",1,241619,261399,1,"Location_check_2",2,"1624290335901",5,5,"Gaze_XYT",NaN,NaN,NaN,NaN
"E1",1,241619,261399,1,"Location_check_2",2,"1624290335967",5,5,"Gaze_XYT",NaN,NaN,NaN,NaN
"E1",1,241619,261399,1,"Location_check_2",2,"1624290336023",5,5,"Gaze_XYT",NaN,NaN,NaN,NaN
"E1",1,241619,261399,1,"Location_check_2",2,"1624290336089",5,5,"Gaze_XYT",NaN,NaN,NaN,NaN
"E1",1,241619,261399,1,"Location_check_2",2,"1624290336158",5,5,"Gaze_XYT",NaN,NaN,NaN,NaN
"E1",1,241619,261399,1,"Location_check_2",2,"1624290336227",5,5,"Gaze_XYT",NaN,NaN,NaN,NaN
"E1",1,241619,261399,1,"Location_check_2",2,"1624290336292",5,5,"Gaze_XYT",NaN,NaN,NaN,NaN
"E1",1,241619,261399,1,"Location_check_2",2,"1624290336348",5,5,"Gaze_XYT",NaN,NaN,NaN,NaN
"E1",1,241619,261399,1,"Location_check_2",2,"1624290336407",5,5,"Gaze_XYT",NaN,NaN,NaN,NaN
"E1",1,241619,261399,1,"Location_check_2",2,"1624290336471",5,5,"Gaze_XYT",NaN,NaN,NaN,NaN
"E1",1,241619,261399,1,"Location_check_2",2,"1624290336531",5,5,"Gaze_XYT",NaN,NaN,NaN,NaN
"E1",1,241619,261399,1,"Location_check_2",2,"1624290336594",5,5,"Gaze_XYT",NaN,NaN,NaN,NaN
"E1",1,241619,261399,1,"Location_check_2",2,"1624290336659",5,5,"Gaze_XYT",NaN,NaN,NaN,NaN
"E1",1,241619,261399,1,"Location_check_2",2,"1624290336717",5,5,"Gaze_XYT",NaN,NaN,NaN,NaN
"E1",1,241619,261399,1,"Location_check_2",2,"1624290336774",5,5,"Gaze_XYT",NaN,NaN,NaN,NaN
"E1",1,241619,261399,1,"Location_check_2",2,"1624290336837",5,5,"Gaze_XYT",NaN,NaN,NaN,NaN
"E1",1,241619,261399,1,"Location_check_2",2,"1624290336900",5,5,"Gaze_XYT",NaN,NaN,NaN,NaN
"E1",1,241619,261399,1,"Location_check_2",2,"1624290336964",5,5,"Gaze_XYT",NaN,NaN,NaN,NaN
"E1",1,241619,261399,1,"Location_check_2",2,"1624290337019",5,5,"Gaze_XYT",NaN,NaN,NaN,NaN
"E1",1,241619,261399,1,"Location_check_2",2,"1624290337081",5,5,"Gaze_XYT",NaN,NaN,NaN,NaN
"E1",1,241619,261399,1,"Location_check_2",2,"1624290337146",5,5,"Gaze_XYT",NaN,NaN,NaN,NaN
"E1",1,241619,261399,1,"Location_check_2",2,"1624290337205",5,5,"Gaze_XYT",NaN,NaN,NaN,NaN
"E1",1,241619,261399,1,"Location_check_2",2,"1624290337266",5,5,"Gaze_XYT",NaN,NaN,NaN,NaN
"E1",1,241619,261399,1,"Location_check_2",2,"1624290337329",5,5,"Gaze_XYT",NaN,NaN,NaN,NaN
"E1",1,241619,261399,1,"Location_check_2",2,"1624290337384",5,5,"Gaze_XYT",NaN,NaN,NaN,NaN
"E1",1,241619,261399,1,"Location_check_2",2,"1624290337448",5,5,"Gaze_XYT",NaN,NaN,NaN,NaN
"E1",1,241619,261399,1,"Location_check_2",2,"1624290337525",5,5,"Gaze_XYT",NaN,NaN,NaN,NaN
"E1",1,241619,261399,1,"Location_check_2",2,"1624290337673",5,5,"Gaze_XYT",NaN,NaN,NaN,NaN
"E1",1,241619,261399,1,"Location_check_2",2,"1624290337739",5,5,"Gaze_XYT",NaN,NaN,NaN,NaN
"E1",1,241619,261399,1,"Location_check_2",2,"1624290337823",5,5,"Gaze_XYT",NaN,NaN,NaN,NaN
"E1",1,241619,261399,1,"Location_check_2",2,"1624290337910",5,5,"Gaze_XYT",NaN,NaN,NaN,NaN
"E1",1,241619,261399,1,"Location_check_2",2,"1624290338003",5,5,"Gaze_XYT",NaN,NaN,NaN,NaN
"E1",1,241619,261399,1,"Location_check_2",2,"1624290338090",5,5,"Gaze_XYT",NaN,NaN,NaN,NaN
"E1",1,241619,261399,1,"Location_check_2",2,"1624290338183",5,5,"Gaze_XYT",NaN,NaN,NaN,NaN
"E1",1,241619,261399,1,"Location_check_2",2,"1624290338248",5,5,"Gaze_XYT",NaN,NaN,NaN,NaN
"E1",1,241619,261399,1,"Location_check_2",2,"1624290338384",5,5,"Gaze_XYT",NaN,NaN,NaN,NaN
"E1",1,241619,261399,1,"Location_check_2",2,"1624290338827",5,5,"Gaze_XYT",-368.4738985449076,400.444812476635,1624290338249,0
"E1",1,241619,261399,1,"Location_check_2",2,"1624290338895",5,5,"Gaze_XYT",NaN,NaN,NaN,NaN
"E1",1,241619,261399,1,"Location_check_2",2,"1624290338965",5,5,"Gaze_XYT",NaN,NaN,NaN,NaN
"E1",1,241619,261399,1,"Location_check_2",2,"1624290338966",5,5,"Gaze_XYT",-188.2982270419598,274.9619525671005,1624290338579,0.0001407628372011023
"E1",1,241619,261399,1,"Location_check_2",2,"1624290339045",5,5,"Gaze_XYT",NaN,NaN,NaN,NaN
"E1",1,241619,261399,1,"Location_check_2",2,"1624290339117",5,5,"Gaze_XYT",NaN,NaN,NaN,NaN
"E1",1,241619,261399,1,"Location_check_2",2,"1624290339185",5,5,"Gaze_XYT",NaN,NaN,NaN,NaN
"E1",1,241619,261399,1,"Location_check_2",2,"1624290339301",5,5,"Gaze_XYT",NaN,NaN,NaN,NaN
"E1",1,241619,261399,1,"Location_check_2",2,"1624290339690",5,5,"Gaze_XYT",469.3957264348864,342.5919297337532,1624290339185,0.00005343040676246974
"E1",1,241619,261399,1,"Location_check_2",2,"1624290339695",5,5,"Gaze_XYT",1073.9316411688922,498.41745615005493,1624290339465,0.000020711661600369594
"E1",1,241619,261399,1,"Location_check_2",2,"1624290339753",5,5,"Gaze_XYT",NaN,NaN,NaN,NaN
"E1",1,241619,261399,1,"Location_check_2",2,"1624290339865",5,5,"Gaze_XYT",NaN,NaN,NaN,NaN
"E1",1,241619,261399,1,"Location_check_2",2,"1624290340266",5,5,"Gaze_XYT",95.46288782730696,283.96736204624176,1624290339753,0
"E1",1,241619,261399,1,"Location_check_2",2,"1624290340272",5,5,"Gaze_XYT",27.766770906746352,180.69568991661072,1624290340032,0.6020767624634402
"E1",1,241619,261399,1,"Location_check_2",2,"1624290340666",5,5,"Gaze_XYT",662.0436390256509,204.28580403327942,1624290340279,0.7364959510261424
"E1",1,241619,261399,1,"Location_check_2",2,"1624290340671",5,5,"Gaze_XYT",-341.86522450298077,406.71701073646545,1624290340449,0.29496826283582184
"E1",1,241619,261399,1,"Location_check_2",2,"1624290244112",5,5,"Filename",Location_Fam_Face.mp4
